,date,time,tweet,sentiment
0,2023-01-01,,"resuelto, muchisimas gracias , excelente servicio como siempre",0.9996077922646157
1,2023-01-02,,"muchas gracias, espero su dm",0.29367788125013394
2,2023-01-02,,muchas gracias!,0.47056419380391146
3,2023-01-02,,algo similar me paso. queria renovar mi token para poder hacer una transferencia antes de cerrar la cuenta y wow. fue mas facil sacar el dinero por ventanilla.,9.935439468070595e-08
4,2023-01-02,,yeeeei! a traves de mi cuenta en acabo de contratar mi cuenta de ahorro con mi reto de 2023 para tener 25 mil pesos al final del ano. tiene una super herramienta para domiciliar a mi cuenta eje y asi ahorrar disciplinadamente cada semana! vamos !!!,3.471660571993634e-05
5,2023-01-02,,esta es la senal que necesitan para tener el minimo dinero en banamex,0.00898766446323276
6,2023-01-03,,gracias,0.5533970533999424
7,2023-01-03,,muchas gracias,0.47056419380391146
8,2023-01-03,,"yo no se mucho, pero te recomiendo la inversion de . de los mejores rendimientos que he visto, y plazo a 7 dias. tambien el de esta chingon, pero tienen un limite de 20k en inverson.",7.211482697126046e-06
9,2023-01-04,,gracias por la playera que me dieron en galerias gdl.,0.006066515316924574
10,2023-01-04,,buen dia...tengo problemas con mi cuenta,0.06870956152275114
11,2023-01-05,,gracias,0.5533970533999424
12,2023-01-05,,mis respetos para ustedes... gracias por el servicio,0.06089102791163954
13,2023-01-05,,"si ya la bloquee y desbloquee y pude hacer el deposito en oxxo, gracias",0.06050998524162458
14,2023-01-06,,"ya todo bien, gracias",0.6005644701956069
15,2023-01-06,,milagro que me gano algo,0.05203162237216902
16,2023-01-06,,siii amigo jajaja esta muy padre y puedes inveir y te da buen rendimiento,0.7172547237214295
17,2023-01-06,,nunca habia ganado nada antes hahaha,0.002924020940066625
18,2023-01-06,,con el cashback de pude pagar mi servicio de internet. yei :),0.02902587206878984
19,2023-01-07,,gracias!!!,0.5533970533999424
20,2023-01-07,,"listo, gracias",0.41038161275853924
21,2023-01-07,,si gracias,0.38293355619770625
22,2023-01-08,,a mi me llego una semana despues aprox,0.023517327645940108
23,2023-01-09,,hola buen dia tengo algunas dudas con mi cuenta podrian ponerse en contacto... muchas gracias..,0.0018280964738955823
24,2023-01-10,,muchas gracias!,0.47056419380391146
25,2023-01-10,,muchas gracias,0.47056419380391146
26,2023-01-10,,"bloquea la tarjeta 5 minutos o mas, posteriomente la vuelves a desbloquear y ya la agregas. esa es la solucion, me confirmas con un tweet por favor.",6.755378948756967e-06
27,2023-01-10,,"es de 35,000 udis (184,000).de todas las plataformas en las que he inveido las mejores son finsus y cetes para largo plazo y heybanco es para mi la mejor opcion para tu fondo de emergencia , ya que tienes liquidez semanal. en finsus tengo al rededor del 90% de mi poafolio.",0.018132321332969416
28,2023-01-11,,excelente gracias por responder estaremos muy atentos,0.9993149872679127
29,2023-01-11,,"pues bueno, me quede sin cena, muchas gracias",0.0678347189264592
30,2023-01-11,,"gracias e igualmente, bendiciones",0.5533970533999424
31,2023-01-11,,vale estoy esperando,0.04214430260609901
32,2023-01-11,,muchas gracias espero la respuesta,0.06373491706004761
33,2023-01-13,,me gane 99 pesitos de credito en amazon coesia de que agradables sujetos,0.19661181168024847
34,2023-01-13,,es mejor,0.6348229712378677
35,2023-01-13,,contestenme por favor,0.010320231446011024
36,2023-01-14,,muchas gracias que amables,0.6246938650683156
37,2023-01-14,,"heybanco muchos anos como cliente de bancomer y me encontre con y la verdad estoy muy agusto con los servicios, la app y las tarjetas debito y credito",0.02012246307475199
38,2023-01-14,,amigos les mande dm gracias,0.11867764920067458
39,2023-01-14,,solicito su ayuda gracias,0.33808451846593174
40,2023-01-15,,gracias!ya respondi.quedo atenta,0.36837440874654487
41,2023-01-16,,va gracias,0.3027439422507404
42,2023-01-16,,no se ni a que le pique pero muchas gracias,3.653664420312364e-05
43,2023-01-16,,"planeacion de temporada 2023 de los equipos, gracias a por la ocnfianza desde el dia 1 y se viene la bomba de patrocinio con vamos por el doblete!!!}@davilacarloss",0.00023443654210492644
44,2023-01-16,,por eso son mi banco 1,0.026358057829646783
45,2023-01-17,,gracias,0.5533970533999424
46,2023-01-17,,thanks!,0.49789225920557484
47,2023-01-17,,muchas gracias!,0.47056419380391146
48,2023-01-17,,"muchas gracias, me ayudo lo suficiente, el cargo ya no procedio, se poaron muy bn aun cuando no me pude comunicar por telefono, fueron muy amables, mil gracias por su interes se hizo cargo de todo",6.2350346874163495e-06
49,2023-01-17,,"increible, gracias heybanco!!@heybanco",0.7650136407925322
50,2023-01-17,,me contestaron que si.,0.03126816183791443
51,2023-01-18,,gracias,0.5533970533999424
52,2023-01-18,,gracias!,0.5533970533999424
53,2023-01-18,,graciaaas.,0.49789225920557484
54,2023-01-18,,"gracias por estar al pendiente,estoy segura que se va a poner las pilas para que lleguen los incentivos, si no estare pidiendo su apoyo.",3.2927490443905087e-06
55,2023-01-18,,"la sexta opcion esta opcion es de las mejores, su pagare a 7 dias es el mejor del mercado con tasa del 10% anual solo que la inversion aqui es desde $5,000, tiene un plan de metas que te dan rendimiento a mes vencido del 4% y tu dinero disponible en cualquier momento",0.07338817287633852
56,2023-01-18,,que buena onda por vos david a disfrutarlo!!!,0.33321727343394436
57,2023-01-19,,gracias,0.5533970533999424
58,2023-01-19,,"hola!, me pueden apoyar por favor",0.0001530059915068367
59,2023-01-19,,"eso se agradece, el aviso",0.11502609794242989
60,2023-01-19,,"gracias, ya se ve reflejado. solucionado. gracias",0.04158471692797913
61,2023-01-20,,"listo, gracias!",0.41038161275853924
62,2023-01-20,,muchas gracias!,0.47056419380391146
63,2023-01-20,,los tkm,0.37874993579954885
64,2023-01-20,,"coesia de animense a sacar cuenta de hey, muchas gracias por el regalo c:@nei_aokii",0.004393479389329287
65,2023-01-20,,cof cof tambien,0.6297664607005927
66,2023-01-20,,te lo super recomiendo. y no te cobran el plastico.,0.00013283292590989505
67,2023-01-20,,"afounadamente, en mexico tenemos , que nos da el 10% de lo que tenemos en la cuenta!",1.6010694887723186e-06
68,2023-01-21,,"muchas gracias por darme respuesta, ya se soluciono mi problema, excelente dia!",0.003288855345158162
69,2023-01-23,,gracias !,0.5533970533999424
70,2023-01-23,,"muchas gracias, el equipo de me ayudo a resolver el problema y me dieron la recompensa que gane.",0.003170701670481104
71,2023-01-23,,gracias ! este mes me toco boletodorado,0.25639654023472264
72,2023-01-23,,bello!,0.49789225920557484
73,2023-01-23,,aun hay esperanza.. congrats !!,0.18517530038583943
74,2023-01-24,,gracias,0.5533970533999424
75,2023-01-24,,gracias.,0.5533970533999424
76,2023-01-24,,muchas gracias,0.47056419380391146
77,2023-01-24,,gracias por mi premio de boletodorado ya canjee mi tarjeta de regalo,0.0008327587962250516
78,2023-01-24,,tio gracias por mi boleto dorado. ya por fin me toco algo.,0.008419407044168345
79,2023-01-24,,no mames que buena suee!,0.20675500430415653
80,2023-01-24,,"segundo premio, espero lleguen mas",0.06682392235309803
81,2023-01-25,,gracias!!!,0.5533970533999424
82,2023-01-25,,gracias,0.5533970533999424
83,2023-01-25,,"hola, esto nos beneficia a los usuarios de",0.006731129591420372
84,2023-01-26,,gracias por el apoyo con el seguimiento,0.10314193309981069
85,2023-01-26,,gracias tio hey! esto nos ayuda bastante.,0.11101000765321002
86,2023-01-26,,muchas gracias un mes gratis de,0.4695286775749559
87,2023-01-27,,muchisimas gracias ya me resolvio. saludos!,0.24462576384360343
88,2023-01-27,,vale gracias,0.49335716837372656
89,2023-01-27,,ya funciono. como que se cayo solo por unos segundos. estuvo raro. muchas gracias,0.00023869658780277406
90,2023-01-27,,hola les escribi por dm porque tengo un par de dudas con la tdc.gracias.,0.0025649126014387546
91,2023-01-27,,gracias por ser pae de el fc barcelona,0.27232798328959057
92,2023-01-27,,cuando me daran un credito tradicional ya llevo mas de un ano con una tarjeta de credito en garantia y he cumplido con mis pagos en tiempo y forma,1.3950403299548173e-06
93,2023-01-28,,ok gracias,0.5533970533999424
94,2023-01-28,,"despues de estar 1 ano probando la tarjeta de credito de puedo decir que es muy buena y ni hablar de la cuenta de debito, realmente en temas de seguridad en transacciones, muy top. tqm hey.",6.433784528438195e-08
95,2023-01-28,,"amistad, usa si usas tu tarjeta 6 veces al mes en compras de $100 pesos te vuelves ""heypro"" y tu inversion te da un rendimiento de 10% anual que esta super super bien con comparacion a otros bancos o inveir a 25 anos con allianz a mi me explico mi prima y suena rebien",9.336915749386563e-05
96,2023-01-28,,excelente,0.9633894245446962
97,2023-01-29,,me gane 2 premios,0.35509496682161057
98,2023-01-29,,amiga explicame!!!,0.20120797568397142
99,2023-01-30,,muchas gracias por la informacion!,0.03888881544833048
100,2023-01-30,,thanku!,0.49789225920557484
101,2023-01-30,,"vientos, gracias",0.5533970533999424
102,2023-01-30,,me encantaria presumir mi premio de boleto dorado... si tan solo existiera...,0.02721780976061428
103,2023-01-31,,me pueden proporcionar el link para invitar a mas gente y tener mi beneficio.gracias,0.017843159769600006
104,2023-02-01,,gracias,0.5533970533999424
105,2023-02-01,,"gracias, lo checo",0.4260759322662875
106,2023-02-01,,ya no habra viaje financiero del 2022? estaba muy buena esa informacion,0.36669740310142446
107,2023-02-01,,gracias por el dato y como fue soeo ?,0.08379729509561605
108,2023-02-01,,"buen dia, como me.pueden ayudar ya que me realizaron un deposito a mi cuenta de credito pero lo necesito a la de credito",5.7474590049669944e-05
109,2023-02-02,,muchas gracias,0.47056419380391146
110,2023-02-02,,gracias ya se soluciono. buenas tardes,0.001073086219644688
111,2023-02-02,,lo realizare.gracias.,0.4260759322662875
112,2023-02-02,,en diciembre me gane una tarjeta de regalo en amazon con el ticket dorado de heybanco y me compre esto:*se emociona en senora*,0.0006797121925473316
113,2023-02-03,,me funciono mil gracias,0.2872598156290954
114,2023-02-03,,gracias pero no es necesario. es una buena opcion. hasta el momento no he tenido problemas graves con ellos solo es adaptarme a sus procesos. pero aun asi creo que van por buen camino. aunque en ocasiones me hagan enojar,4.5323408206022824e-08
115,2023-02-04,,mmm. te da el rendimiento del 10% es buena opcion.,0.3497181060748439
116,2023-02-04,,gracias por mi aumento de credito en mi tarjeta !! muy contenta con sus servicios!,0.0060648749459797004
117,2023-02-05,,hablando de ajolotes el banco sacara esta tarjeta y me encanto..,0.02591833436692972
118,2023-02-07,,"seria la mejor tdc si se pudiera realizar pagos por adelantado en los meses sin intereses como en otras cuentas, siendo una opcion excelente para muchos usuarios",0.9010888056969238
119,2023-02-08,,"casi me rindo cuando no obtuve ayuda del equipo de sopoe, afounadamente alguien aqui me refirio a en twitter enviale un mensaje privado y me lo arreglo, todo gracias a el, contactalo ahora.",0.00029120052451425525
120,2023-02-08,,gracias por ser el mejor banco,0.22234560668485903
121,2023-02-10,,"heybanco tiene pagares semanales con 10% anual. o sea, a la semana ya obtienes rendimientos y eso lo puedes reinveir en el siguiente pagare (de forma automatica). como generas interes compuesto muy rapido, es muchisimo mejor que el 11% anual de cetes.",0.002071014527148736
122,2023-02-11,,gracias,0.5533970533999424
123,2023-02-11,,solucionado. gracias.,0.5533970533999424
124,2023-02-11,,"alch, hechate unas investigadas de cetes, gmb y hey+. cetes si ocupas investigar chido pero es muy seguro y hey+ con heybanco es dinero seguro y rapido pero poco.",0.29782512856529997
125,2023-02-11,,excelente servicio de atencion a clientes en heybanco 10/10,0.9955097582384711
126,2023-02-11,,por primera vez gane algo en el boleto dorado de mi d'or los quiero mucho,0.008029080771359623
127,2023-02-13,,ok muchas gracias,0.47056419380391146
128,2023-02-13,,gracias. porque tengo una duda,0.5090544623064236
129,2023-02-13,,gracias a ti por formar pae de esta gran familia!,0.3467872133445592
130,2023-02-13,,"despues de lo de hoy, la vida y mi banco favorito dijeron: ten un tarjeta de regalo para que te eches un starbucks y te relajes un rato.",1.5169739866570875e-09
131,2023-02-14,,100 % recomendado la vdd,0.630743590301594
132,2023-02-14,,para ver si eres fit y viable para seguros de vida! xd,0.030164916406277442
133,2023-02-14,,"que interesante lo que encontre en los permisos que utiliza la aplicacion de @heybanco, estaba activada, como para que lo necesitan?",0.00010521859980479425
134,2023-02-15,,gracias,0.5533970533999424
135,2023-02-15,,hola intenta en el telefono o correo de la imagen. (con la app la verdad yo no he tenido problemas),7.5717532401732e-07
136,2023-02-15,,hola ocupo ayuda con el cambio de numero de celular y con mi token,0.0005148616800481661
137,2023-02-16,,"yo la eh pensado cambiar mi nomina con ellos, la tengo con y muy agusto.que bueno que me dicen para no sacar tarjeta ahi",7.579157708020839e-07
138,2023-02-16,,"gracias!!!! ahora, vi algo en relacion a transferencias internacionales... donde veo informacion?",0.003639122072700523
139,2023-02-16,,"pues mas vale, la verdad",0.028036039840902513
140,2023-02-16,,ya esta todo listo..,0.17485210999529058
141,2023-02-17,,me acaba de llegar la constancia fiscal de y el ano pasado gane $2400 nomas de tener mi dinero guardado con ellos. 10/10,0.00022978470432720468
142,2023-02-17,,jamas al menos la amex la primera anualidad es gratis y te da beneficios por compras el primer ano y bonos.,0.006714395155998195
143,2023-02-17,,"gracias por la respuesta, estare al pendiente",0.01406445687973541
144,2023-02-18,,hola buenas tardes,0.0002864118737251766
145,2023-02-18,,"buen dia, muchas gracias! ya respondi al dm. me tarde porque pense que no respondian en la noche hehe",0.0003060805662017082
146,2023-02-20,,gracias,0.5533970533999424
147,2023-02-20,,tqm gracias por poner retiros en cajeros hsbc es el q tengo mas cerquita,0.031724776258472955
148,2023-02-21,,hola!!!,0.06062516730565888
149,2023-02-23,,saludos a,0.49789225920557484
150,2023-02-23,,"real esa tarjeta es la neta, en general el banco es 10/10",0.2695446899154767
151,2023-02-23,,":o si tengo cuenta pero nunca pedi la fisica, la pedire. gracias por la recomendacion",0.0029576771961929925
152,2023-02-23,,como puedo inveir con ustedes y como se genera las ganancias para uno,0.03345597963706067
153,2023-02-24,,que bueno que perdi mi tarjeta porque necesitaba una nueva con este diseno.,0.0003971157833275278
154,2023-02-24,,.@heybanco tqm no solo es de los mejores bancos con su producto tdc o pagares bancarios (inveir). ademas sabe que ando de foraneo y me regalo dinerito en amazon con mi boleto dorado,0.0007327432975588803
155,2023-02-24,,"hola buen dia, al solicitar una tarjeta con diseno nuevo tengo que utilizarla?recien esta por llegarme la metalica, sin embargo me atraen mucho los disenos como coleccionable y no quisiera pedir una y perder la metal",3.7709185988012585e-07
156,2023-02-25,,"gracias, hasta ahorita los amo",0.3565606511752936
157,2023-02-26,,gracias bro,0.5533970533999424
158,2023-02-26,,"gracias, ya lo envie.",0.2589405610034819
159,2023-02-26,,"gracias por responder, quedo en espera de la solucion al problema.",0.026073577969198236
160,2023-02-26,,yo hice varias transferencias hace rato y todo bien,0.06162891524859549
161,2023-02-26,,a veces solo es cuestion de limpiar el chip antes de pasarla! asi he solucionado el inconveniente,0.004177135259365129
162,2023-02-26,,estoy muy contesta de compairles esta colaboracion que hice con hey banco,0.07767835378566856
163,2023-02-26,,"ah ya, gracias, mencionas lo evidente sin nada de relevancia, excelente comentario.",0.026210737336954924
164,2023-02-26,,"""agradecemos tu comprension"" jaja increible",0.06089309434456356
165,2023-02-26,,es correcto. de bbva a bbva sin problemas. ya en hey avisaron que hasta las 7 aproximadamente.,0.04604073523031365
166,2023-02-27,,gracias ya les respondi,0.09337970399656148
167,2023-02-27,,listo!! gracias,0.41038161275853924
168,2023-02-27,,perfecto! gracias,0.9522755443315488
169,2023-02-27,,pero que tremenda sabiduria me quede anonadado con este mensaje yo creia que la cantidad que ponia de garantia se utilizaba para los ninos sin alimento o para los indigentes y que con eso ya despues te entregaban una tarjeta de credito que tremenda explicacion,1.2996248639965385e-10
170,2023-02-27,,esta padrisima la tarjeta!!,0.014160042795627222
171,2023-02-27,,"esta muy bonito, me hace considerar adquirir la tarjeta",0.1612031570365817
172,2023-02-27,,gracias. ya le mande todos mis datos de mi tarjeta.,0.004670615139522566
173,2023-02-27,,"si, sin problema:d",0.23713121716150687
174,2023-02-27,,"no es problema de ,es ellos son los que tienen la falla. dalay.",0.0017198715143495807
175,2023-02-27,,"pf. sigues con intermitencias y solo hey banco, bbva sin problema.",0.1941648733285931
176,2023-02-27,,"la primera no habia sido la de chichen itza ?estoy esperando esa, pero este modelo esta bonito tambien.",1.7965820562612546e-05
177,2023-02-27,,"tengo bbva y bancoppel, las dos trabajan a la perfeccion.",0.14031732250635562
178,2023-02-27,,entiendo le agradezco el comentario y como sugerencia me gustaria recibir una notificacion correo o texto de que el servicio no estara disponible para no caer en esta situacion ya que me sirve de mucha utilidad la tarjeta y me gustaria seguir con ustedes.,8.64097114902308e-14
179,2023-02-27,,que bien!,0.4299071923816135
180,2023-02-28,,"me siento poderosa !!! gracias , estoy muy contenta !!!!",0.10332212719925135
181,2023-02-28,,esta bien,0.48336496782269756
182,2023-02-28,,"yo la tengo y es una maravilla, servicio eficiente y la app de primera. altamente recomendable!!!!!",0.9999655491280915
183,2023-02-28,,"ay no, yo ya tengo la mia y ese diseno esta super cool !!!",0.027955342470684624
184,2023-03-01,,"animense, ya casi un ano con la tarjeta de credito heygarantizada y sin problemas, incluyendo en el extranjero",0.0013079203889652198
185,2023-03-02,,"gracias, segun recuerdo esto ya lo habia hecho el dia que la fui a activar pero volvere a hacerlo tanto para la tdd como la tdc, gracias:)",2.2856390081266164e-06
186,2023-03-02,,mucho exito! heybanco,0.3473101901087073
187,2023-03-02,,. recomendadisimas (pd. yotepresto y 100ladrillos hechoenjalisco),0.49789225920557484
188,2023-03-03,,"hola muchas gracias por su respuesta en dm, con lo que me indicaron ya logre hacer el movimiento que requeria",3.130160583467568e-09
189,2023-03-03,,manifiesto! hoy fui y sali enmoradisima. me subi y asi casi que me voy a dar una vuelta hermosisimo el carro! haganme la buena!,7.312785916138409e-05
190,2023-03-03,,"se resolvio con la actualizacion de la app, gracias. tambien me sirvio el dm",0.21133592606981286
191,2023-03-03,,ustedes son mi banco y la verdad lo estan haciendo muy bien!,0.36777620325569377
192,2023-03-03,,definitivamente,0.5875674677770483
193,2023-03-04,,gracias por secuestrar la plata en ahorro bitcoin fixes this... literalmente eso me salva,0.021047912952377564
194,2023-03-04,,gracias la transferencia fue aplicada al dia siguiente,0.04174535682673347
195,2023-03-06,,"gracias, ya lo resolvi jajaja, me equivoque",0.16249648539130154
196,2023-03-06,,quedo aclarado el tema. gracias.,0.39936487965548667
197,2023-03-07,,bank run!!!,0.49789225920557484
198,2023-03-07,,les respondi por privado. saludos!,0.17027585424692102
199,2023-03-07,,eso es bueno saberlo,0.13094915021177525
200,2023-03-08,,gracias por la informacion,0.1638717151525756
201,2023-03-08,,gracias!,0.5533970533999424
202,2023-03-08,,listo!!!,0.3577312427036041
203,2023-03-08,,"asi te da la bienvenida a tu tarjeta de metal, aun sin beneficios adicionales",0.0006573515911681811
204,2023-03-08,,"se cayo la app de todo ha sido una buena experiencia con ustedes, no me fallen cuando se les necesita",2.9396302546630693e-06
205,2023-03-08,,la verdad es menos tedioso el proceso de hablar con alguien en me agrada mucho la experiencia.,8.39547988797716e-06
206,2023-03-09,,"gracias, ya les conteste",0.09337970399656148
207,2023-03-09,,ayuda!!!,0.4047214283799102
208,2023-03-09,,"si gracias, les volvi a contestar hace un par de horas",0.002341171220768855
209,2023-03-09,,"fue mas rapido marcar, tuve que hacer una caa de hechos en donde ponia los datos que queria cambiar y ya lo hicieron, por fin pude instalar el token. el chico que me atendio super bueno y amable! se llama christhian hernandez",6.749640024805295e-07
210,2023-03-10,,"me avisan si van a la quiebra, para sacar mi dinero de inversion a 7 dias porfas y muchas gracias de antemano los amo",0.001017578500560807
211,2023-03-11,,"yeah, son los mejores a pesar del veto",0.8141029242762053
212,2023-03-12,,muchas gracias!,0.47056419380391146
213,2023-03-12,,"solucionado, muchas gracias",0.47056419380391146
214,2023-03-12,,ya se puede,0.2265821340861255
215,2023-03-13,,gracias!,0.5533970533999424
216,2023-03-13,,gracias :),0.5533970533999424
217,2023-03-13,,"me siguen hablando en horario laboral.el que su personal de dhl descuide su trabajo, no significa que yo tenga que descuidar el mio.si me van a hablar, que sea despues de las 15 hrs o 3 pm.agradezco que esta vez si lean mi horario y me hablen cuando puedo atender el telefono.",8.444158876209475e-13
218,2023-03-13,,exacto puntos lealtad que solo se cambian en su tiendapor lo menos en santander si tienda tenia tecnologia y aiculos para el hogar mejor que lo cambien por mas cashback,8.885003089922835e-07
219,2023-03-13,,verdaderamente el mejor banco que hay los tqm mucho,0.3511020790499418
220,2023-03-13,,"bueno, es que yo si pude ya.",0.009314191486879543
221,2023-03-13,,excelente!!,0.9633894245446962
222,2023-03-13,,excelente,0.9633894245446962
223,2023-03-13,,muy bien excelente,0.9984810294984534
224,2023-03-13,,"me gane un mes de spotify y no soy usuario , mejor que me cambien mi tarjeta, me gusta mas la blanca del negocio.",2.6934277566616074e-05
225,2023-03-13,,es excelente! yo eh trabajo varios anos con ellos y todo perfecto,0.9999259922545529
226,2023-03-14,,super! ojala que esto pueda ser corregido en la app entonces. aparecio asi hace unos dias de repente. gracias!cc.,0.0002259901116158393
227,2023-03-14,,wooow que emocion,0.3029968537174699
228,2023-03-14,,nunca me gano nada.pero hoy empeze bien mi dia,6.532730539189059e-05
229,2023-03-14,,exito,0.49789225920557484
230,2023-03-15,,"ya les conteste, gracias",0.09337970399656148
231,2023-03-15,,listos !!!!!!!!,0.49789225920557484
232,2023-03-15,,"gracias ya los conoci, los use, y hoy los dejo, definitivamente no son lo mio, pero si los recomiendo! bancos fintech mexicano",0.0004418092973008996
233,2023-03-15,,"cambiate a heybanco, hasta el momento es la mejor que he probado. te dan 2% de todo lo que gastas, y es dinero gratis si eres como yo que siempre paga a tiempo y nunca paga intereses.",1.809273233890009e-05
234,2023-03-15,,wwwooowww que maravilla felicidades y por supuesto que ahi estare para disfrutar de mi chica dorada,0.4130511484824672
235,2023-03-15,,en verdad les agradezco ya que no tengo la tarjeta de debito y la necesito,1.0653297298570753e-06
236,2023-03-16,,muchas gracias por la informacion ahi nos vemos el 3 de junio,0.008674647719123869
237,2023-03-16,,pues bueno... xd,0.24115294319023137
238,2023-03-16,,es una dj increible,0.6791386321454176
239,2023-03-16,,muchas graciasquedo en esperasaludos.,0.4743085162936809
240,2023-03-16,,un festival 100% tercermundista. felicidades!,0.4898631585877994
241,2023-03-16,,la supermana hermosa,0.8689249863895943
242,2023-03-17,,gracias por el seguimiento!,0.14149866897832633
243,2023-03-17,,mi primera tdc thx,0.395450205579828
244,2023-03-17,,gracias por su respuesta,0.0010849005000568188
245,2023-03-17,,"gracias, espero su pronta respuesta de agradecimiento",0.05147292966498301
246,2023-03-17,,estoy sorprendido como permite que se organicen esas cosas.,0.008833538872547023
247,2023-03-18,,"gracias, como siempre super buena y rapida, la atencion de su pae.",0.9779111595471345
248,2023-03-19,,muchas gracias :),0.47056419380391146
249,2023-03-21,,"hola quiero decirles que muchas gracias por el seguimiento a mi problema sobre el token, ya quedo resuelto muy buena atencion, al final no fue problema de pae suya sino de mi operadora saludos.",1.7597993341843468e-06
250,2023-03-22,,gracias,0.5533970533999424
251,2023-03-22,,hey ya no nos hagan sufrir mas a los de la dinamica de tikitoki jajaja,0.0008191608877678495
252,2023-03-23,,que tal buen dia. necesito ayuda.,0.06966390911385557
253,2023-03-23,,"excelente servicio en atencion a clientes , nunca cambien!",0.9721277904503598
254,2023-03-23,,ojito ahi con las dinamicas de el dia de hoy gane una dinamica para un abono del pal noe en donde me etiqueta,0.006112293814208609
255,2023-03-24,,saludos bro. gracias por ver los videos.,0.10374305469081684
256,2023-03-24,,gracias!,0.5533970533999424
257,2023-03-24,,"gracias, tocayo. soy tu fan. ;)",0.07995650414829225
258,2023-03-24,,hola! permiteme conocer mas de tu caso via mensaje privado para poder dae la atencion necesaria y rapida. saludos!,0.003223732837489312
259,2023-03-24,,ojito ahi con las dinamicas de el dia de hoy gane una dinamica para un abono del pal noe en donde me etiqueta,0.006112293814208609
260,2023-03-24,,o facil,0.49789225920557484
261,2023-03-25,,gracias,0.5533970533999424
262,2023-03-25,,"hola! ntp despues de otros intentos me pudieron asistir, gracias!",0.00021778773583566976
263,2023-03-26,,si la anualidad es de $999. si juntas $100k estas libre de la anualidad. mucho mejor que ese pedazo de metal visa standard,0.0009020523413766285
264,2023-03-26,,"exacto, todas son duales",0.656538143397288
265,2023-03-26,,por eso fondeadora metal es world elite;),0.03989651299159505
266,2023-03-28,,ok gracias,0.5533970533999424
267,2023-03-28,,"gracias a dios, jajaja.",0.22695773199677524
268,2023-03-28,,igual a mi con amazon.,0.21756576422056412
269,2023-03-28,,this is the oppounity of a lifetime! gotta watch this web3 developer's mev strategy video and learn how to make some serious cash with crypto.,0.6824837810859113
270,2023-03-28,,"ese hombre merece que le mandes ademas de tan grata felicitacion una foto especial, unica y sin censura autografiada x la diosa de tw.",0.00011200864472328981
271,2023-03-28,,que dios le pague con muchos hijos.,0.04994248502094886
272,2023-03-28,,mandamela a mi!! yo se la hago llegar !! jajaja. chido que te resolvio !,0.013617834416441595
273,2023-03-28,,le mando un beso tronado y apreton de nalga a angel arguello de que en dos horas me resolvio un asunto que llevaba 59 dias estancado. agradecida con el de abajo,2.514451773507242e-05
274,2023-03-29,,"no te habia dicho que conozco a angel, pero es muy timido, si gustas yo le hago llegar el presente",0.00021733636630430955
275,2023-03-29,,"gracias, ya recibi el codigo",0.38315605334273933
276,2023-03-29,,ser agradecida. y si es con el de abajo mejor...,0.0426389857133212
277,2023-03-29,,"tambien agradezco mucho a las personas que han querido hacer donaciones para el vestuario, sin duda lo agradezco y aprecio enormemente; si ustedes gustan donar algo pueden hacerlo a la clabe 058597000024431851 en heybanco a nombre de noris vargas g. (sin embargo tambien pueden",0.004498536294530417
278,2023-03-29,,jajaja muy bien!,0.9611958417475951
279,2023-03-29,,ojito ahi con las dinamicas de el dia de hoy gane una dinamica para un abono del pal noe en donde me etiqueta,0.006112293814208609
280,2023-03-29,,amigues por primera vez en mi vida gane una dinamica jajajajaja gracias no gane el pastel pero si esta dinamica,0.00014467019204042077
281,2023-03-30,,teniendo tantas juntas de cashback y viendo los beneficios me dan ganas de sacar mis tarjetas de &,0.0034611009351121066
282,2023-03-30,,"tambien agradezco mucho a las personas que han querido hacer donaciones para el vestuario, sin duda lo agradezco y aprecio",0.7499647333804617
283,2023-03-31,,"gracias, supongo que es asi por semana santa, correcto? saludos!",0.006023487776960998
284,2023-03-31,,"gracias, estare pendiente a que me responda",0.13215841914074836
285,2023-03-31,,"es que hay un secreto para que te contesten rapido, te lo cuento cuando estemos bebiendo y no, ojala me paguen, me resuelven super rapido.",9.485547187323001e-05
286,2023-04-01,,muchas gracias!,0.47056419380391146
287,2023-04-01,,muchas gracias ya me comunique y me dieron folio de seguimiento respecto a mi situacion y estoy en espera que me revuelva lo antes posible!,1.4722726661968894e-05
288,2023-04-03,,gracias a tamos readys en palnoe,0.5428810571806449
289,2023-04-03,,"bueno, intento mas tarde, muchas gracias, maite!! un gusto saludae",0.25469698739592195
290,2023-04-03,,"habla al numero que esta en la tarjeta, yo lo hice asi y no tuve ningun problema en espana ;)",8.071469031838668e-06
291,2023-04-03,,this web3 developer's mev strategy is a game-changer. he's making over 5 eth per week and you need to learn how!,0.3397172522164106
292,2023-04-04,,"te cuento lo que hice yo tampoco tenia historial pero tenia la de nubank y hasta ahi todo bien, posterior fui con heybanco, y realmente no interesaba usar su tarjeta.pero vi que tenia un pagare y me interesome registre a la cuenta, no solicite plastico ni nada",7.747789189021226e-15
293,2023-04-06,,ya resolvi gracias,0.36837440874654487
294,2023-04-06,,gracias por darnos aguita en para no morir de disenteria por el agua puerca de los bebedores de,5.69182591221385e-05
295,2023-04-08,,buenas tardes,0.004382604972999215
296,2023-04-08,,"adivinen donde estoy?que buena experiencia, !",0.20941869079372663
297,2023-04-11,,"5/ seguramente veremos a y dando mas noticias de innovacion y servicios, pero sobre todo generando mas competencia en la industria financiera, lo cual beneficia a todos los usuarios.bancadigital numexico heybanco innovacion competenciafinanciera fintech",0.045334251845969835
298,2023-04-11,,"4/ la gran ventaja de es su experiencia de 5 anos en el mercado, ganando terreno entre los jovenes por sus servicios y por patrocinar festivales de musica, lo que les permite crecer junto con sus clientes.",0.00011723661245541017
299,2023-04-13,,gracias les volvi a contestar el dm,0.18901492268936798
300,2023-04-13,,"gracias hey banco, solucionaron el problema.",0.10408466935513216
301,2023-04-14,,muchisimas gracias,0.5533970533999424
302,2023-04-14,,muchas gracias por su respuesta tan pronta.,0.00011772762980609457
303,2023-04-14,,"gracias por la pronta devolucion, me sirvio para pagarle a",0.08281280384497765
304,2023-04-15,,muchas gracias mando dm a la brevedad,0.4465739069755025
305,2023-04-15,,no ma gracias tio estuvo fantastico este descuento del 50% en mi checkup en,0.051446924921335895
306,2023-04-17,,"super, gracias.",0.8075133232601563
307,2023-04-18,,"correcto, esperare el contacto por pae de ustedes para arreglar la situacion de mi inversion hey pro al 10%",0.013915454502686714
308,2023-04-19,,muchas gracias,0.47056419380391146
309,2023-04-19,,"excelente, muchas gracias por su sopoe, tio hey. de igual manera quiero agregar que el error ya fue solucionado, y adicional, durante el dia recibi un sms donde me notificaban que debido a una incidencia se mostraba el 5% y que lo estaban trabajando. nuevamente gracias",2.44506336492605e-09
310,2023-04-19,,muchas gracias. voy a comunicarme entonces.,0.06850205318246999
311,2023-04-19,,"estan en proceso de resolver segun mensajes que me estan enviando los de hey banco, saludos.",0.011981806540301641
312,2023-05-12,,gracias,0.5533970533999424
313,2023-05-12,,ya me llego gracias,0.24462576384360343
314,2023-05-12,,"un gusto saludae erich, ponemos a tu disposicion nuestra cuenta de correo electronico en la que con gusto atenderemos tus dudas, escribenos: asesoria@condusef.gob.mx , recuerda que condusef te apoya.",0.001518251718295489
315,2023-05-12,,el mejor banco <3,0.8577638040664197
316,2023-05-12,,"uno de los productos mas esperados del ano!!!! en youtube ya tenemos el unboxing, activacion y pequena navegacion por el app de la tarjeta metalica de ! les compao el link del video: tarjetadecredito heybanco",3.048398324494385e-05
317,2023-05-13,,es la mejor que he visto hasta ahora,0.018763156012461566
318,2023-05-15,,excelente muchas gracias,0.9593271768866124
319,2023-05-15,,muchas gracias por su respuesta!,0.00022417334012160903
320,2023-05-15,,"llamar para pelear a me resta tiempo, kilos, neuronas, practicamente me resta vida ese banco pitero.",0.0016817479431578165
321,2023-05-15,,"hola, excelente tarde, me podrian ayudar con algo. les mande dm, por favor, muchas gracias",0.0009898115790887856
322,2023-05-15,,me encanta que heybanco ya te manda notificacion cuando se hace el cobro,0.03811847828802137
323,2023-05-15,,tienen algun tiempo estimado de respuesta,0.0005911609804569642
324,2023-05-15,,"conociendo la contrasena y el usuario, se puede entrar facilmente desde otro dispositivo y sin que te llegue algun tipo de notificacion por via sms y correo electronico, esto lo sabes muy bien",0.022275247420793357
325,2023-05-15,,eso explica todo,0.304155238307761
326,2023-05-16,,"hola si, hoy por la manana ya tenia de nuevo mi usuario y funciono con normalidad mi app",0.00014912227990859593
327,2023-05-16,,con razon!,0.5017543432377519
328,2023-05-16,,"yo tengo la de garantia , pero creo que voy bien, hasta cuantos meses se puede la de las normales, tengo inversion, nomina y cuenta de debitos ahi :)",1.706857191749451e-05
329,2023-05-16,,que bueno que no cambie mi nomina a,0.010063423960424029
330,2023-05-16,,gracias por avisar,0.22054465826825612
331,2023-05-16,,"buen dia, les envie un mensaje, espero me puedan ayudar. gracias.",0.17982849798678333
332,2023-05-16,,"buenos dias, una vez mas sigo en espera",0.013126674987839279
333,2023-05-17,,gracias ya quedo resuelto,0.36837440874654487
334,2023-05-17,,que tengas excelente mitad de semana.para quienes aun tienen duda de como funciona la tarjeta garantizada de https://t.co/b6iypqxw4f,0.005318444391626939
335,2023-05-17,,solicito apoyo,0.49789225920557484
336,2023-05-17,,que tengas excelente mitad de semana.para quienes aun tienen duda de como funciona la tarjeta garantizada de,0.005318444391626939
337,2023-05-18,,ya quedo. muchas gracias.,0.29494595879463076
338,2023-05-18,,tqm,0.49789225920557484
339,2023-05-19,,"ok, gracias",0.5533970533999424
340,2023-05-19,,jajaja. siii. muchos dias. chale,0.3702926333088598
341,2023-05-19,,todo resuelto gracias equipo,0.7225875475946799
342,2023-05-20,,"agradecido con que me ayudaron con una aclaracion rapidisimo, cada dia mas feliz de haber dejado la banca tradicional por ustedes!",0.0009587475392217363
343,2023-05-21,,muchas gracias,0.47056419380391146
344,2023-05-21,,hola buen dia,0.051975628380597286
345,2023-05-22,,gracias !,0.5533970533999424
346,2023-05-22,,"listo, enviado! saludos",0.3577312427036041
347,2023-05-22,,me gusta heybanco para bajarles el mandado a los bancos espanoles que dominan este pais,0.06440529663100712
348,2023-05-23,,yo presumiendo el 10% anual de heybanco y que klar decide sacar 14% muy tentador,0.38082578290444885
349,2023-05-23,,ya resuelveme me urge hacer una compra,0.05163703035072281
350,2023-05-23,,"recomiendo ampliamente que usen y como alternativas a los llamados bancos tradicionales. si sus bancos les estan cobrando alguna comision de cualquier tipo en sus cuentas de debito o peor aun, no estan generando nada, entonces estan en el lugar incorrecto.",3.967419611881976e-09
351,2023-05-24,,gracias. saludos,0.5533970533999424
352,2023-05-24,,"si, bueno me dijeron que tenia que marcar. y si quedo.",9.377082220150811e-08
353,2023-05-24,,ay si paso ya afounadamente. jejeje.,0.20248612486363
354,2023-05-25,,gracias! ya les respondi!,0.09337970399656148
355,2023-05-25,,jaja nel,0.49789225920557484
356,2023-05-27,,"okay, gracias",0.5533970533999424
357,2023-05-27,,ya funciono nuevamente la aplicacion,0.250585636524447
358,2023-05-27,,"me contestan a mi tambien, pero ya",0.1369460627441918
359,2023-05-29,,"listo, ya se los mande , gracias .",0.07712442553700503
360,2023-05-29,,con hey siempre tienes el control de tus finanzas y ahora tambien el de todos tus movimientos gracias a las notificaciones qu,0.07575997714806058
361,2023-05-29,,"quiero trabajar con ustedes, me ayudan diciendome como!",0.08365077612585713
362,2023-05-30,,gracias!,0.5533970533999424
363,2023-05-30,,con hey siempre tienes el control de tus finanzas y ahora tambien el de todos tus movimientos gracias a las notificaciones qu,0.07575997714806058
364,2023-05-30,,eficiencia,0.49789225920557484
365,2023-05-31,,muchas gracias nunca me contesto. afounadamente ya ha quedado resuelto.,0.00338888645548226
366,2023-05-31,,"hola! abre tu cuenta hey y obten un boleto dorado cada mes para ganar.https://t.co/j45mnogz te recomiendo muchisimo la cuenta, de hecho la resenan muy bien varios youtubers de finanzas.",1.654499865467588e-05
367,2023-05-31,,muchas gracias por el boleto dorado,0.0329078302367802
368,2023-06-01,,gracias por la apoacion. saludos,0.1638717151525756
369,2023-06-01,,esto es lo que yo llamo servicioalcliente mexico de verdad asi es que un banco debe tratar a un cliente no es nada mas meter el dinero. aprendan,3.257470954977641e-11
370,2023-06-01,,"buen dia, es mas facil que usted obtenga el credito con alguna caja popular, no hay peor lucha que la que no se hace, saludos",8.510857460247827e-10
371,2023-06-02,,gracias,0.5533970533999424
372,2023-06-02,,gracias quedo en espera,0.19193619243608498
373,2023-06-02,,les deje un dm solicitando de su valioso apoyo.saludos,0.04601295247619045
374,2023-06-02,,muchas gracias un mes gratis de,0.4695286775749559
375,2023-06-03,,"gracias, ya envie mi duda",0.5975310064068833
376,2023-06-03,,gracias por responder! me da mucho gusto que te hayan solucionado rapido. ojala asi sea mi caso saludos,0.0009682738003080982
377,2023-06-03,,"gracias lic hace tres anos, si usted dice que no me deben negar volvere a hacerlo, muy amable por su atencion un abrazo",2.384509637790845e-05
378,2023-06-03,,"muchas gracias, si lo hare de nuevo un abrazo fuee",0.3247979392891217
379,2023-06-03,,por favor . gracias,0.012863196075556147
380,2023-06-05,,"gracias, saludos",0.5533970533999424
381,2023-06-05,,muchas gracias por responder!acabo de lograr el desbloqueo!,0.054389848312991845
382,2023-06-05,,espero que si,0.013149530378825677
383,2023-06-06,,"jajajajjaja vic, trabajo en hey, cualquier duda no dudes en mandarme mensajito",0.16636771589465502
384,2023-06-07,,gracias,0.5533970533999424
385,2023-06-07,,las de tienen buenos disenos.,0.16161831178059508
386,2023-06-08,,hola???,0.06062516730565888
387,2023-06-10,,con hey siempre tienes el control de tus finanzas y ahora tambien el de todos tus movimientos gracias a las notificaciones qu,0.07575997714806058
388,2023-06-12,16:52:11,"gracias, estoy al pendiente de la informacion.",0.27487329669195126
389,2023-06-13,20:36:26,yo fui muy feliz por muchos anos con la santander free hasta que me cambie a heybanco y su tarjeta me parecio una chulada. recomiendo ampliamente.,0.0005853532319150177
390,2023-06-15,22:51:17,hola. en mi caso me comunique al 81 4392 2626 y alli me resolvieron. por founa fue algo sencillo y rapido suee!,0.0004627566993635502
391,2023-06-15,18:35:12,mas facil que now saque sus tarjetas de credito,0.07869050512367722
392,2023-06-16,19:41:04,"perfecto, ire a un punto hey. gracias, bebe lol",0.9121082266768621
393,2023-06-16,18:03:36,"he probado 4 bancos tradicionales diferentes y hasta el momento el mejor manejando msi, ha sido te permite ver exactamente cuanto debes en total. te da la lista de todos los pagos futuros que tendras que hacer mes por mes. te da cashback de 2% en efectivo.",3.939766076735249e-05
394,2023-06-17,18:00:08,oye que excelente tiempo de respuesta y amable personal en tu centro de atencion,0.9981140693592117
395,2023-06-18,17:29:39,listo muchas gracias,0.3329942646422743
396,2023-06-19,19:52:35,gracias,0.5533970533999424
397,2023-06-19,14:43:55,muchas gracias,0.47056419380391146
398,2023-06-19,15:36:18,estamos para servie!,0.26043708599792087
399,2023-06-19,13:32:11,con es tan sencillo hacer todo tipo de movimientos desde mi celular. ademas tienen una super tasa de rendimiento,0.8434645308179777
400,2023-06-20,18:20:40,muchas gracias,0.47056419380391146
401,2023-06-20,22:22:06,"hola , les mande un dm, gracias !",0.013604694094194543
402,2023-06-20,21:26:18,muchas gracias! si entrare para levantar un repoe a,0.2634203318766595
403,2023-06-20,06:47:43,la de esta mas coqueta y tienen beneficios reales.,0.011852327724807564
404,2023-06-20,06:10:33,listos! heybanco palnoe2021,0.49789225920557484
405,2023-06-21,21:22:49,"gracias, arreglado",0.5533970533999424
406,2023-06-21,16:20:21,gracias,0.5533970533999424
407,2023-06-21,22:03:28,"muchas gracias, ya fue resuelto, gracias por el sopoe. excelente servicio",0.9718219368701282
408,2023-06-21,03:47:49,muchas gracias por la felicitacion,0.03888881544833048
409,2023-06-21,16:32:41,si nunca habia tenido este tipo de situacion con otros metodos de pago y se me hace increible como una operacion tan sencilla como pagar con tu tarjeta de en una pagina web se conviee en toda una mala experiencia de usuario con su servicio.,4.045163472298758e-18
410,2023-06-22,16:25:12,vaaaaa gracias por el dato,0.14149866897832633
411,2023-06-22,15:16:55,"buen dia, saque un carro usado en merkauto, y me autorizaron el credito el lunes 19 de junio pero es fecha que no me llaman a firmar contrato y factura, como puedo saber cuando esta listo porque esta tardando mucho un proceso como este, gracias.",2.7810705583641707e-09
412,2023-06-22,20:38:17,"para que esten bien atentos a lo que les llega, gracias a les compao el correo para que vean por donde les quieren llegar. ponganse listos.",1.4689938345452403e-07
413,2023-06-23,17:14:56,amo heybanco bien cabron. jaja,0.6323720940364075
414,2023-06-24,02:10:01,por fiiiin modificaron la app de ya detecta mi huella y tiene una bonita seccion de metricas de tus gastos. ah y pague sin temas la luz.,0.3296541824673587
415,2023-06-27,07:20:57,yo estoy con la verdad,0.04613976729082929
416,2023-06-28,17:42:50,gracias!,0.5533970533999424
417,2023-06-28,04:45:09,gracias! lo hice y quedo.,0.20448520562962375
418,2023-06-28,22:48:04,"se resolvio, volviendo a instalar la app",0.2719538844948051
419,2023-06-28,17:28:12,"gracias, ahora se los envio",0.10207919496216464
420,2023-06-29,17:45:59,"buen dia, esto es real?",0.2787738570776045
421,2023-06-29,03:03:50,"ps.... su aplicacion es la mejor, he visto hsbc y banamex y nel. que tal la de heybanco, la has probado?",0.0004735753731370325
422,2023-06-30,17:26:15,muchas gracias,0.47056419380391146
423,2023-06-30,19:02:11,"desde que abri mi cuenta los amo . si puedes, te recomiendo inversion hey ahi tengo mis ahorros y si eres hey pro hay mejores rendimientos",0.01031521417954755
424,2023-07-01,04:07:54,"respuesta favorable, gracias!",0.11843056447726881
425,2023-07-02,15:01:49,por eso amamos,0.03721997211650322
426,2023-07-03,20:36:54,"una mas techreo de came, esta super bien.... ademas de que ahora estan dando unos regalos solo por inveir con ellos...seguro y muy facil.",0.0007779818681007943
427,2023-07-04,19:32:32,nos da mucho gusto que seas pae de esta gran familia finsus saludos!,0.13485503697124288
428,2023-07-04,16:46:43,hola gracias por ser pae de esta gran familia finsus,0.01037213377924084
429,2023-07-04,16:23:59,hace pocos dias estaba disponible,0.1689832313666297
430,2023-07-04,15:27:39,finsus siempre me a gustado mucho :) aprovechando les dejo mi enlace de referido ;) utiliza mi codigo castillo--79570,0.02198574087505976
431,2023-07-04,14:11:14,"pedida, esta si vale la pena el precio jajaja",0.1653794497105053
432,2023-07-04,09:42:38,sin duda!,0.9471611238445792
433,2023-07-05,04:08:16,intenta es buenazo!!,0.5159436667231726
434,2023-07-06,05:06:15,"ay suena super bien, justo lo que me anda gustando mucho ahorita de nu es su pae de hacer crecer tu dinero jajk o sea la inversion, quiero entrarle mas al tema la mas fan de los neobanks, definitivamente cuando por fin mande alv a banamex me abrire una de heybanco",1.072668746913111e-06
435,2023-07-06,02:59:57,"facil: entro a pagos, elijo la tarjeta, elijo el plazo (3 meses, 0%), aceptar, token error. antes he pagado sin problemas. puedo hacer otras operaciones con token sin problemas.",1.2155703942336791e-05
436,2023-07-06,02:24:11,"el nuevo diseno de las tdc de esta ma-ma-lon chavos. tan pronto me regrese de usa voy a solicitar mi nuevo diseno (carisimo el envio por cieo, ni obama lo tiene). por cieo, su programa de recompensas esta bastante aceptable eh. https://t.co/f79gxxxqtb",2.2614948911720962e-05
437,2023-07-06,02:11:00,"tarjetas de credito (tdc) sin anualidad y con disenos chingones. aunque antes de usar una tdc debes aprender a usarla papucho. personalmente la uso y me va muy bien, la aceptan donde sea (incluso en el gabacho). checa:",0.3407782647093255
438,2023-07-07,16:18:25,"muchas gracias, justo llame hace dos dias para la aclaracion, espero no sea tan tardado y salga bien",0.03365359681460985
439,2023-07-07,01:24:12,"gracias, acabo de mandar el correo.",0.2611044656534415
440,2023-07-08,05:58:28,"varias meses siendo usuario heypro en y al fin me dieron por lo menos unos de sus puntos, algo mas que una taza preferencial de inversion.",1.3071698740791698e-07
441,2023-07-09,20:12:00,"perfecto, estare atenta. muchas gracias.",0.9346933796721861
442,2023-07-10,17:49:42,rifadisimo en lo personal si me gusto.,0.31441589343108023
443,2023-07-11,23:55:24,"si me sirvio, muchas gracias",0.19818335087804198
444,2023-07-11,20:50:22,"que sean tan facil de usar y sobre todo confiables como heybanco, cuales?",0.22616161897540127
445,2023-07-11,03:16:37,"ya me llego la ajolotarjeta de y me encanto, aca les dejo el unboxing para que vean mas detalles de este nuevo diseno:",0.011304392274165138
446,2023-07-11,01:51:29,yo voy a pedir la mia esta preciosa esa tarjeta,0.015068024224735957
447,2023-07-13,18:28:34,te invitamos a ser pae de klar para que comiences a disfrutar de nuestros beneficios!,0.004957747898209146
448,2023-07-13,05:36:30,gracias ya mande un correo,0.14057912822599877
449,2023-07-14,22:08:32,"gracias por el repoe. exacto, ya pague. cc",0.07199097530521359
450,2023-07-14,20:26:17,realmente dan servicio al cliente por este medio?,0.0005487280533098014
451,2023-07-14,18:55:12,i highly recommend you to@legith_hacks on instagram he helped me out when i had same issues,0.2634099366520768
452,2023-07-15,17:01:34,"que bueno, gracias por estar atentos. tambien chequen su nivel de ""empatia"" con sus clientes, de todas las formas.",0.4262408338035242
453,2023-07-15,04:58:58,que dato tan interesante me has dado! conoces ?,0.008352965893602984
454,2023-07-15,02:54:54,"huy tambien stori y mercado credito desde 10 dias antes estan mandando sms, notificaciones via app y whats.",0.8116839460790579
455,2023-07-16,15:27:21,gracias ya les conteste,0.09337970399656148
456,2023-07-17,23:51:26,muy bien. ya la solicite y si me la otorgaron. elegi el diseno de ajolotito.,0.7107864857910241
457,2023-07-18,18:15:18,gracias,0.5533970533999424
458,2023-07-18,17:01:27,this web3 developer's mev strategy is the real deal - earning him over 5 eth per week and taking his crypto earnings to new heights.,0.9001188438045384
459,2023-07-18,14:13:39,"buenos dias, he gracias por la atencion, llame al servicio al cliente y todo bien, ya no aparece asi, muchas gracias",4.181183155167059e-05
460,2023-07-18,05:07:34,"buena noche! en mayo pedi un ceificado de regalo de amazon con heycoins, estaba viendo el estado del pedido y me aparece en procesando, hay algun estimado de cuando se procesan estos pedidos? muchas gracias.",1.0940754474841213e-05
461,2023-07-19,23:03:01,"jajajaja por eso no me toman enserio, perooo nunca dejare de usar a cheems para algunos videos jajaja hoy video en el cana",1.2099068283760704e-05
462,2023-07-19,19:30:02,"me pueden atender por aqui, no creo que haya problema.",5.658900816467241e-06
463,2023-07-19,16:56:45,"esperemos que responda en sinceramente no he tenido problemas con ellos se me hace un buen banco, muchas gracias.",8.081471308796057e-06
464,2023-07-19,03:18:39,el mejor banco es heybanco por mucha diferencia nk,0.7536547958664196
465,2023-07-21,18:19:03,"si, tengo distintas cuentas y siempre me han apoyado cuando llega a pasar algo. hasta ahora heybanco y bbva han sido mis mejores experiencias",1.4719107243189243e-05
466,2023-07-21,18:17:46,recomiendo heybanco,0.6715687579546886
467,2023-07-21,04:46:51,gracias. ya me explicaron. muy amables.,0.9577057127165727
468,2023-07-22,23:11:44,yo he tenido buena experiencia con heybanco. 1% cashback en compras fisicas y 2% en compras online. la app es facil de usar y permite inveir al 10% anual renovando cada 7 dias. actualmente la utilizo para cubrir mi gasto mensual. estoy contento con ella.,0.023127745897950157
469,2023-07-22,11:32:23,"en menos de un mes logre desbloquear estos grandes beneficios, gracias por brindar esta herramienta para promover e",0.02237862020471708
470,2023-07-23,22:10:43,enserio! wow muchas gracia spor la respuesta en unos minutos mas termino de abrir mi cuenta,0.008189397316226686
471,2023-07-23,22:09:50,ilimitadas. puedes hacer todas las que quieras con los plazos que gustes y los mejores rendimientos. en ofrecemos la mejor plataforma digital que te permite libead financiera.,0.5398086099653125
472,2023-07-23,17:54:30,"gracias, ya les conteste",0.09337970399656148
473,2023-07-24,23:22:43,"ha, thanks for the rec! i loved the idea of having a digital bank that's pa of the multired (consoium of atms) but i guess it was not to be .",0.542161889376241
474,2023-07-24,19:58:54,gracias,0.5533970533999424
475,2023-07-27,00:01:54,"puedes empezar con tarjetas de credito ""garantizadas"" son para personas que no tienen historial. stori o heybanco seria lo mejorcito. recibir nomina tambien ayuda mucho con los bancos tradicionales c:",4.8965118626081354e-06
476,2023-07-28,22:43:10,"hoygan , mi tdc coo el 17-7-23 y la fecha limite de pago es el proximo jueves 3. se supone que mientras pague antes de esa fecha no hay problema. correcto?",3.807579737814541e-07
477,2023-07-28,21:02:59,yap!,0.49789225920557484
478,2023-07-28,20:31:24,dame el telefono de servicio al cliente,0.006570503573132895
479,2023-07-29,18:04:22,tomalo por el lado amable y para el proximo recibo ya es gratis heheheheh,0.7190113840110881
480,2023-07-29,05:56:41,jajaja verdad que si,0.020505286874240438
481,2023-07-30,18:08:07,muchas gracias,0.47056419380391146
482,2023-08-01,20:01:28,gracias por el seguimiento. ya quedo resuelto y no era problema de ustedes.,0.004972878047996439
483,2023-08-01,17:48:12,"excelente servicio por cieo, como dato por cualquier cosa yo no di mis datos bancarios pues de uso comun yo tengo una cuenta digital de heybanco que no utilizo mas que para esto, y ahi me han estado llegando mis transferencias adjunto evidencia",1.1312399008753277e-07
484,2023-08-01,14:15:42,"ya quedo solucionado, muchas gracias",0.29494595879463076
485,2023-08-01,04:41:41,recomiendo x10000 heybanco!!!,0.6715687579546886
486,2023-08-02,16:57:52,gracias ya respondi el mensaje,0.38315605334273933
487,2023-08-02,04:21:34,"estaria super, algo como lo que hacen en",0.06415236836882579
488,2023-08-04,23:36:52,facil: abre una cuenta bancaria en uno de los nuevos bancos digitales. te recomiendo porque esta mucho mas integrado al sistema bancario que otros que simplemente son fintech.,6.76097126041149e-05
489,2023-08-04,00:38:53,no recuerdo pero creo que fue rapido,0.007753746382663907
490,2023-08-05,23:09:34,"hola buenas tardes! me ayudan a confirmar cual es el monto maximo para transferir desde mi cuenta hey y como puedo modificar esos limites por favor, gracias!",8.105589898016824e-08
491,2023-08-05,04:58:31,muchas gracias! le habia recomendado a un conocido que antes ellos daban prestamos y ya no salen. entonces queria sugerirle esa opcion. que amable eres.,3.864757168810115e-06
492,2023-08-05,01:22:22,"creo que es eso, acaba de llegar, muchas gracias",0.012104943378130402
493,2023-08-06,23:28:23,jaja lo mismo pasa con mercado pago y heybanco pero de acuerdo es una maravilla,0.011489355664463425
494,2023-08-07,22:14:52,"si me resolvieron, tiene un gran servicio al cliente!",0.7739659082324687
495,2023-08-07,11:17:55,si me llego a las 24 hrs. espero que haya llegado bien la transferencia.,0.0005689035922937172
496,2023-08-08,16:00:40,"ya lo hice, ayer saque todaa lana y mejor me quedo con quienes ya llevo tiempo y no he tenido problemas con ellos. tambien recomiendo a me esta jalando muy bien y mis clientes me pagan por ahi. saludos.",8.093421711620516e-07
497,2023-08-09,19:43:25,"hola muchas gracias ya les explique la situacion, les agradezco una respuesta a la brevedad",7.188756234401467e-05
498,2023-08-09,15:05:31,"les escribi por ahi desde ayer, y no me pelaron!",0.0006924164095312201
499,2023-08-10,00:03:09,"hoy fue mi primer dia en heybanco de regreso a la vida de oficina mil gracias,",0.0007670956882362572
500,2023-08-12,18:47:40,"por fin me toco un boletodorado ganador! me senti como charlie en la fabrica de chocolates camara solo me faltan 8,200 heypoints para mi xbox.",0.012078594084165822
501,2023-08-12,05:53:54,"release notes, mensaje con typo en terjeta me gusto la actualizacion que hicieron para ver las tarjetas",0.13916694831966006
502,2023-08-15,21:50:22,"justo a mi me paso en el mismo momento, al final vuelve a aparecer en un rato despues.",0.0011834513606288617
503,2023-08-18,18:05:07,gracias,0.5533970533999424
504,2023-08-18,17:18:46,le sugiero encarecidamente que se comunique con ~bensonhack50~ en instagram para solucionar cualquier problema relacionado con la cuenta. ahi rapido y confiable aun puedes graficarlos por whatsapp,8.917896573090461e-05
505,2023-08-19,15:02:37,"muchas gracias, ya les respondi por dm",0.038559584607214176
506,2023-08-22,00:52:31,"en la comunidarks me recomendaron la rappicard y la heybanco. uso mas la de heybanco por las recompensas, no hay anualidad, ademas te da tarjeta dual entonces tienes de credito y debito. la rappicard la uso para cosas mas especificas, por ej ticketmaster la acepta sin problema.",3.1488841534954774e-07
507,2023-08-23,17:41:15,"ya quedo resuelto favorablemente mi que queja, gracias",0.12172849534330889
508,2023-08-25,19:20:41,que guen servicio traen los de siemrpe resuelven bien 10/10,0.012075823965375257
509,2023-08-25,02:12:59,"resolvieron el cargo no reconocido de mi tarjeta, siempre dicen que pueden ser varios dias pero el proceso no tardo ni una semana",1.961952379812876e-09
510,2023-08-28,21:22:10,"muchas gracias, ya lleno los datos. /@heybanco",0.07237849147832955
511,2023-08-28,17:12:16,muchisimas gracias por compair!,0.22054465826825612
512,2023-08-30,00:11:50,de que queja me hablan? nada de quejas con trabajan muy bien,0.08273600053731396
513,2023-08-31,04:02:55,en recompensa total banoe llegan en menos de 3 dias habiles por mail.,0.021362445492185675
514,2023-09-01,18:06:14,muy felices y contentos por nuestros clientes ya que hoy pudieron estrenar su nuevo hogar. inovaserviciosfinancieros cuauhtemocchihuahua creditos heybanco,3.283621916236536e-05
515,2023-09-01,16:25:34,"perfecto, ya pude entrar a la app y como segun mi dispositivo no es compatible (aunque es uno de los mas recientes de samsung) prefiero cambiar de banco a cambiar mi equipo. hola! saludos.",1.8225196817958828e-05
516,2023-09-01,00:51:39,"yo la tengo, esta bien padre.",0.2933159441300608
517,2023-09-04,19:50:21,aplausos para el equipo de,0.6257366812157237
518,2023-09-05,23:52:00,"yo quisiera saber si ya puedo ser acreedor a la tarjeta de credito tradicional, debido a que ya llevo mas de seis meses de uso de la garantizada y se ha mejorado mi historial muy significativamente!",2.0841668799228216e-09
519,2023-09-05,19:25:28,jajaja,0.49789225920557484
520,2023-09-05,03:39:27,"heybanco ha implementado un chat/bot muy interesante llamado heygpt, que resuelve dudas sobre sus productos, el cual me sorprendio bastante, creo que es un gran avance para mejorar la experiencia con la atencion a clientes, aca te cuento todo:",0.001608141473782251
521,2023-09-05,02:53:41,yo uso ese banco y siempre me resuelven rapido y mil veces mas rapido vs banamex haha,0.01627358197211098
522,2023-09-10,21:18:12,heybanco. me ha salido buena.,0.3050763123283171
523,2023-09-12,22:40:28,gracias.,0.5533970533999424
524,2023-09-12,02:35:10,chulada de cuenta! buenos rendimientos aplicacion funcionando al sin comisiones de ninguna especie!! entre esta y la de no necesito nada de ninguna otra institucion. nunca cambien ehhh? asi empezo klar y luego ya no cumplio.,7.206638090586026e-10
525,2023-09-13,23:20:30,"feliz dia del programador! su trabajo es esencial para el funcionamiento de la sociedad actual, es por eso que te traemos algunos datos impoantes sobre este dia y la profesion. heybancomedia heybanco diadelprogramador programadores",4.900891302037321e-05
526,2023-09-13,20:45:41,"hola muchas gracias, ya les conteste via dm",0.029376458787593217
527,2023-09-13,20:32:13,"solucionado, gracias!",0.5533970533999424
528,2023-09-13,16:02:39,ayuda!!,0.4047214283799102
529,2023-09-14,23:17:46,"es que son horas de venus, todavia estan en tiempo xd",0.004231958963969941
530,2023-09-14,15:38:55,inviee en cuestion de minutos desde tu celular y obten ganancias cada semana. conoce como hacer crecer tu dinero con inv,0.003092449356586693
531,2023-09-15,21:23:57,a mi me sirvio actualizar mi version de android a la mas reciente. con eso ya abre,0.0077539945158996895
532,2023-09-15,16:46:03,gracias justo eso me funciono,0.41813336176275595
533,2023-09-16,23:38:12,yo elimine el cache en los ajustes de la app y funciono,0.22182697293502363
534,2023-09-16,23:23:44,si me funciono!!! muchas gracias,0.19818335087804198
535,2023-09-16,20:21:53,"entren a ajustes de la app , borren el cache y funciona",0.4197393169842094
536,2023-09-16,05:17:38,esto me funciono a mi,0.09169565620625586
537,2023-09-16,04:56:18,muchas gracias hey! ya quedo resuelto.,0.29494595879463076
538,2023-09-16,03:28:28,gracias ! lo intentare,0.4260759322662875
539,2023-09-17,23:18:02,gracias! tambien me funciono reiniciando,0.5413466378614702
540,2023-09-17,15:24:56,"ya qiedo resuelto, muchas gracias!",0.29494595879463076
541,2023-09-18,22:22:18,funciono gracias. mejor que la cuenta oficial,0.003056159371059818
542,2023-09-18,18:10:10,"muchas gracias por la informacion, me sirvio para poder acceder a la aplicacion, deberian publicar la solucion en sus redes para que otros usuarios puedan solucionarlo",0.00013025156065279533
543,2023-09-19,18:10:58,confirmo hoy 19 de septiembre que funciona.. muchas gracias,0.020526243801360013
544,2023-09-19,17:56:50,"la colonia mas bonita y cool de todo latinoamerica te esta esperando, descubre con jonnah moreno sus increibles recintos y disfruta de su increible belleza. heybanco heymedia heydelocal guadalajara",0.045626394536475545
545,2023-09-19,17:55:31,"el lugar perfecto para sentae a trabajar mientras te tomas un delicioso cafe... para despues ir por una joya de la literatura, de segunda mano. descubre con jonnah moreno los lugares secretos de la colonia americana. heybanco heymedia heydelocal guadalajara",0.9999916812615314
546,2023-09-19,17:52:22,"entre cafeterias, una arquitectura unica y bonitos pisos, jonnah moreno nos muestra la cara mas apacible de la colonia americana, que es considerada la mas bonita en todo latinoamerica. heybanco heymedia heydelocal guadalajara",0.020426992310998923
547,2023-09-19,16:43:55,"muchas gracias ahora si, por mandar la actualizacion v10.39.2 de la app de android. la aplicacion funciona nuevamente, tras 5 dias que estuvo muea para varios de nosotros. gracias",0.000152993601600967
548,2023-09-19,05:21:53,"exacto, en el 10.39.0 esta todo normal.",0.17324433317414237
549,2023-09-20,22:28:33,listo! muchas gracias! :),0.3329942646422743
550,2023-09-20,20:42:03,ya hoy se restablecio la aplicacion gracias,0.022700744317665122
551,2023-09-20,02:42:16,"x3. a las 12 sin problema, y uno desde las 6 y nada",0.1636112355938672
552,2023-09-20,02:09:44,"gracias por la respuesta, pude habilitar mi app",0.007255032803228324
553,2023-09-22,22:00:52,"a mi nunca me ha fallado, al contrario es de las mas estables.",0.0003191906310279904
554,2023-09-23,17:15:22,"gracias, no deberia ser informacion privada, es para que ustedes mejoren. saludos.",0.007142630344980969
555,2023-09-24,15:49:15,como puedo pedir otra tarjeta sin perder mis datos anteriores. gracias,0.0025859916832138164
556,2023-09-26,23:06:29,siempre estoy recomendando y llevo 2 meses sin tarjeta regresar a banamex sera la solucion?,0.05773014852675877
557,2023-09-26,22:30:41,"hola, solo para agradecer publicamente la atencion recibida en su momento, y mencionar que ya recibi todos los productos solicitado de su tienda de hey shop. muchas gracias.",0.0006280187849101963
558,2023-09-26,18:47:23,ya lo envie,0.218518787547644
559,2023-09-27,19:00:56,"muchas gracias, los amo.",0.35335916416424085
560,2023-09-28,00:50:29,"increible que a estas alturas tengas que ir a activar tu netkey ""movil"" a una sucursal cuando cambias de telefono. tienen mucho que aprender de que sin comprometer tu seguridad, lo hacen simple y rapido desde la misma app.",2.457088932224253e-07
561,2023-09-30,05:35:34,yo sigo pensando que es un gran producto,0.38993672379987765
562,2023-10-02,19:50:21,gracias,0.5533970533999424
563,2023-10-03,23:23:14,yo tambien quiero,0.3444053947499622
564,2023-10-03,18:33:09,"gracias, les acabo de escribir.",0.03311800061292974
565,2023-10-05,16:30:02,"tengo la de que es de banco azteca y si esta muy bien, la de tambien esta padre y la de esas manejo",0.01406530566037231
566,2023-10-06,21:54:50,"en hora buena jorge, tu eres una persona muy reconocida en el gremio mielero y tu reputacion vale.",0.002348982579696505
567,2023-10-11,03:04:58,orale que cool. ofrece informacion sobre finanzas personales dentro de la aplicacion. habra que darle una opounidad al podcast,0.012230898268026386
568,2023-10-12,05:36:25,"ganeee! si quieres ser pae de esta fiebre hey, te puedo referir. gracias",0.012485264821346286
569,2023-10-13,16:37:56,"gracias, volvi a llamar y fue rapido",0.12870358734108828
570,2023-10-13,04:04:23,5 estrellas al sopoe de ya se saben el duo dinamico,0.010127432410277873
571,2023-10-14,22:34:37,quedo en espera. gracias,0.19193619243608498
572,2023-10-14,11:56:33,felicidades a todos los que hicieron esto posible,0.08273317126702522
573,2023-10-16,01:22:55,muchas gracias,0.47056419380391146
574,2023-10-17,18:13:26,"procedo, gracias por el apoyo",0.14149866897832633
575,2023-10-18,12:23:13,recibi ayuda de fredhack88 en telegram. me ayudo a recuperar mi cuenta y habilitar la autenticacion de dos factores en la cuenta. estoy realmente impresionado. tambien te ayudara con tus problemas de pirateria.,2.7567453530264056e-05
576,2023-10-19,07:14:39,"gracias ya los conoci, los use, y hoy los dejo, definitivamente no son lo mio, pero si los recomiendo! bancos f",0.0004418092973008996
577,2023-10-20,23:13:05,"te vamos a sorprender! para todos nuestros fans, les queremos dar mas! estamos a punto de elevar su experiencia a un ni",5.530046091316957e-08
578,2023-10-21,03:46:33,"te vamos a sorprender! para todos nuestros fans, les queremos dar mas! estamos a punto de elevar su experiencia a un ni",5.530046091316957e-08
579,2023-10-21,02:21:31,11% la inversion y con eso!,0.21333133667550022
580,2023-10-22,03:12:45,"te vamos a sorprender! para todos nuestros fans, les queremos dar mas! estamos a punto de elevar su experiencia a un ni",5.530046091316957e-08
581,2023-10-23,19:55:44,se va a poner bueno con heybanco,0.3826102884444365
582,2023-10-23,03:32:06,"estamos igual, tambien me sorprendi",0.1601569236875295
583,2023-10-23,03:23:34,yo tambien!,0.5033854934971663
584,2023-10-24,21:07:14,nos deberian sorprender con app funcional. todos los dias hay que estar borrando e instalando. dura un acceso util.,0.6098090230492326
585,2023-10-24,19:44:21,listo enviado,0.3577312427036041
586,2023-10-24,08:53:57,"te vamos a sorprender! para todos nuestros fans, les queremos dar mas! estamos a punto de elevar su experiencia a un ni",5.530046091316957e-08
587,2023-10-25,23:43:33,"muy buena , esta vez hey se equivoco, decia ser diferente a los bancos normales e incluso puede que apair",0.23481572349304933
588,2023-10-25,23:19:19,fuiste bueno por un tiempo. ahora mi tarjeta se ira al cajon. hasta nunca,0.00013365006877023308
589,2023-10-25,22:15:53,es muy buena opcion.,0.9970491535474598
590,2023-10-25,21:43:42,"bueno, toda historia tiene un final. adios",0.09975442001345922
591,2023-10-25,21:36:59,"la tarjeta plata trae buen cashback, deberias darle una revisada",0.02044870078691282
592,2023-10-26,20:20:52,"spa para los hospitality? bueno, siempre se agradece un masajito para aguantar los 3 dias de festival checa los beneficios de cada abono! manana prevents exclusiva por tecatepalnoe",0.054296595862991084
593,2023-10-26,19:36:54,gracias! les envie otra duda.,0.26810492029387495
594,2023-10-26,18:51:17,"ok, estare al pendiente, gracias",0.4541160922982191
595,2023-10-27,20:52:45,"gracias por mis ultimas recompensas, adios vaquero, fue bueno mientras duro",0.02602627700755218
596,2023-10-27,20:52:13,manana los compramos!!!,0.37874993579954885
597,2023-10-27,20:19:11,gracias! la venta exclusiva heybanco esta agotada en su totalidad la venta libre de boleto tempranero para 2024 tendra lugar manana 28 de octubre a pair de las 14:00 hrs.,0.07614846675565021
598,2023-10-27,20:08:25,gracias gracias venta tempranera tqm,0.607601807529265
599,2023-10-27,19:47:04,tecate pa'l noe 2024!!! si tienen hey banco aprovechen hoy porque hay buenos descuentos en el abono tempranero!,0.008099051085555307
600,2023-10-27,18:44:33,muchas gracias por tu confianza! estamos felices de que formes pae de la familia klar! te queremos!,1.5804054608532206e-06
601,2023-10-27,18:10:40,seria lo mas adecuado despues de lo que costo por lo menos 6 meses de prueba como lo hacia scotia con su tarjeta ideal ya despues decides.,6.476478027740111e-10
602,2023-10-28,20:57:12,"gracias, sigan con esas propuestas tan inovadoras que seguramente atraeran millones de clientes y marcaran un antes y un despues de la banca en mexico. de seguro las felicitaciones no paran por eso hasta bloquearon sus redes sociales. son unos genios! no se cansan de ganar tanto?",1.7970161826994345e-08
603,2023-10-28,18:56:45,fuiste bueno por un tiempo. ahora mi tarjeta se ira al cajon. hasta nunca,0.00013365006877023308
604,2023-10-28,18:50:44,adquiri la membresia mega fan porque me salio que un beneficio era una venta exclusiva de tecate,0.017327571917211303
605,2023-10-28,18:50:27,ya cayo la actualizacion gracias,0.3461873516495156
606,2023-10-28,18:44:10,padrisimas las nuevas membresias de encontre una que se ajusta a mis necesidades y ya la contrate. les recomiendo q,0.048422625569018614
607,2023-10-28,15:39:01,"a mi ya me depositaron, la verdad estoy contento con sus servicios, espero recapaciten y re valoren sus decisiones",0.008924163079936806
608,2023-10-28,14:40:52,es correcto,0.49579961878186113
609,2023-10-28,13:35:53,esto de me parece tipo las gasolinaras vip,0.005346796647696336
610,2023-10-28,13:07:09,antes que nada bienvenido a uala. gracias por el feedback. es muy constructivo. varios de esos temas se resuelven en los proximos updates. mudarse a una arquitectura 100% bancaria no ha sido facil y eso afecta cieos procesos. ya viene lo mejor. gracias desde ya.,2.594050571235367e-06
611,2023-10-28,01:13:56,"gracias ya pude comunicarme y creo si se soluciono mi problema, gracias",0.009715542806181773
612,2023-10-29,02:17:34,buena publicidad,0.6774024187612661
613,2023-10-30,23:34:34,"eres un estudiante y tienes una idea brillante? el reto emprende hey te espera! paicipa y gana hasta $50,000 por tu",0.0001227231455426931
614,2023-10-30,21:59:22,muchas gracias,0.47056419380391146
615,2023-10-30,21:49:32,ahorita mismo les mando correo y numero telefonico para contacto.,0.00447160340832747
616,2023-10-30,19:03:02,dale gracias a,0.5533970533999424
617,2023-10-30,16:28:53,checa creo que tiene mucho potencial!,0.039243556907844146
618,2023-10-31,22:23:42,"bien hecho, ya mero te alcanzo.",0.15748099298107954
619,2023-10-31,21:13:51,muchas gracias por tu confianza! estamos felices de que formes pae de la familia klar!,1.3784232595691267e-05
620,2023-10-31,18:51:34,"lo verdaderamente interesante de heybanco es su herramienta de inversion y, en lo personal, seria para lo unico que tengo la tarjeta y que pagaria por el plan. segun el plan que pagues y si dejas el dinero 7 o 28 dias te pueden dar el 9%, 10%, 11% o 12% de interes anual.",1.2867207569353366e-08
621,2023-10-31,18:05:15,ya estan todos mis ahorros contigo! gracias,0.19649808614935185
622,2023-10-31,18:01:11,"gracias, como siempre super atentos y efectividad en resolver dudas.",0.9976516953892257
623,2023-10-31,17:44:55,gracias por la respuesta ya conteste por dm saludos,0.005399812994754765
624,2023-10-31,15:53:03,estamos para servie!,0.26043708599792087
625,2023-10-31,14:25:33,"eres un estudiante y tienes una idea brillante? el reto emprende hey te espera! paicipa y gana hasta $50,000 por tu",0.0001227231455426931
626,2023-10-31,03:59:10,"uf! que buena idea, no, que nos pague en hey coins.",0.008112841220954466
627,2023-10-31,03:53:34,"mejor que anualidad, mensualidad",0.5298943008945346
628,2023-11-01,19:33:12,bien merecido,0.6323720940364075
629,2023-11-01,02:16:06,me encanta la publicidad de la competencia,0.895660047722723
630,2023-11-02,03:53:49,invex!! el acelerador conviene muchisimo si le gastas de 10k para arriba al mes. este ano llevo como 4 mil en vuelos y muchas tarjetitas de uber y starbies.,0.007384376429172216
631,2023-11-02,01:00:57,"despues de ver esta entrevista, creo que es una excelente opcion",0.05245283562648229
632,2023-11-02,00:57:59,este tweet es solo para agradecer la rapidez con la que resolvieron unos cargos no reconocidos. necesitaba urgentemente ese dinero que robaron de mi tarjeta y ustedes me ayudaron en solo 3 dias. tambien las cosas buenas deberian compairse. gracias hey banco!,6.826131899747156e-07
633,2023-11-02,00:50:37,"ya reflexione, creo que estan bien las membresias de",0.025461049051360964
634,2023-11-02,00:14:08,en unos meses se fue lo que lograron en anos... felicidades,0.012993351128471923
635,2023-11-02,00:08:41,esta es la mejor idea para sus clientes,0.027202274258013373
636,2023-11-03,19:42:24,"la verdad son muy buenos contra fraudes o cosas asi, los demas bancos se mega desentienden, a mi me han hecho todos los paros de la vida.",0.0004945277191126332
637,2023-11-03,19:14:00,"si vi que ademas traen primo del bono y el primer ano sin anualidad, que es lo que me da codoo. y luego la edicion de la tarjeta rosa . ya considerando seriamente.",2.2366582681981208e-10
638,2023-11-03,18:35:36,"yo amo con todo mi ser la amex, la verdad siento que ninguna otra te tratan tan bien, esta cara la anualidad pero si vale toda la pena por la seguridad que te ofrecen.",3.149010352885807e-08
639,2023-11-03,18:12:46,"gracias, novio, un saludo hasta alla.",0.09135493653243705
640,2023-11-04,05:06:01,gracias mandiii,0.5533970533999424
641,2023-11-07,18:45:40,"same, ya mejor regrese a banoe y heybanco solo para compras de ""riesgo"".",0.5451670988223393
642,2023-11-08,22:57:26,vamos muy bien con heybanco,0.886540145623185
643,2023-11-08,17:43:43,muy amables muchas gracias.,0.9841637820529021
644,2023-11-08,16:06:38,"listo, lo hice en la madrugada, gracias!!",0.11282591881640634
645,2023-11-08,13:58:57,excelente noticia!!! el 15% esta genial y sin necesidad de pagar membresias absurdas ahora si tendra mucho de que arrepentirse,0.16055769152082897
646,2023-11-09,17:35:17,defiendete !!!,0.49789225920557484
647,2023-11-09,07:54:23,bajo el rendimiento de la inversion mientras que la subio. todo perfectamente equilibrado,0.12424086970999386
648,2023-11-10,23:36:40,hey sigues siendo cliente de saludos!,0.10882538360223037
649,2023-11-10,21:16:19,recomendada,0.49789225920557484
650,2023-11-10,21:15:29,"hazlo, es una excelente opcion. yo tengo con ellos 3 anos",0.9570633999886632
651,2023-11-10,03:27:47,"si, es venganza",0.21795957052502313
652,2023-11-11,01:11:31,una leccion a esos perros de que quieren cobrar por lo que ustedes dan por solo ser clientes. solo falta cashback y van a volver a ser mi tarjeta preferida.,6.562397950364795e-11
653,2023-11-14,21:26:38,"buen movimiento ""hey"" me recuerda a mantis de kung-fu panda cuando agarra las cuerdas del puente",0.4370821407111833
654,2023-11-14,21:21:37,agree. hasta una cronica les avente.,0.10768678124865147
655,2023-11-14,18:00:50,gracias,0.5533970533999424
656,2023-11-16,16:22:08,esto es rapido para,0.08260022893638037
657,2023-11-17,13:44:00,nos encanta tenee con nosotros,0.3545248181359658
658,2023-11-18,23:34:22,gracias carnal.,0.5533970533999424
659,2023-11-21,21:20:08,no dudo que hayas sido tu hahahahahahaha.,0.016322751347577803
660,2023-11-23,12:49:47,"a mi me ofrece 3msi, seria bueno ver si es verdad jajaja",0.09463873817294695
661,2023-11-25,17:23:29,beneficios de un mercado mas competitivo,0.3866306727305115
662,2023-11-25,16:40:17,"bendita sea la competencia, y bienvenido el cashback asi sea un por ciento como dice la cancion",0.010705711140145057
663,2023-11-25,15:49:20,ojo aca!! regresan las recompensas a,0.47371072416927557
664,2023-11-25,13:16:52,gracias nos escuchaste y por eso seguire contigo,0.029604586424615893
665,2023-11-25,11:00:45,lo mejor que pudiste hacer amigo,0.2904517541736574
666,2023-11-25,04:47:53,tsss .. que bueno .,0.36075706408024416
667,2023-11-25,04:44:46,"hiciste bien, tio",0.6323720940364075
668,2023-11-26,18:53:13,les recomiendo tambien es mexicano y no esta en quiebra con el dientesdeburrousurero,0.0641737475298271
669,2023-11-26,16:58:44,"gracias por la respuesta, estare atento saludos tio",0.19528635505373904
670,2023-11-27,23:58:29,gracias @soynumx @nubank espero sirva de aprendizaje a las demas plataformas si quieren nuestro dinero como inversionistas. fyi @dinnactinver @heybanco @uala @uala_mex @mercadopagomex @finsusapp,0.00417526223152439
671,2023-11-27,09:38:19,"increible atencion al cliente de siempre he pagado a tiempo, estoy dentro del plazo de pago y",0.0011820468683162678
672,2023-11-28,10:47:12,el mejor banco,0.8577638040664197
673,2023-11-29,09:13:31,"me uni a en julio de 2019 y me ha resultado muy util para mis transacciones en linea, la verdad la recomiendo mucho",0.009446028701104439
674,2023-11-30,10:15:52,"hey banco me gusta mucho, iwal mercado pago apae de q es super practico y el dinero q tienes ahi esta inveido en gbm y te genera unos pesitos extras",0.0015396866917106319
675,2023-12-01,21:23:51,promocion para todos nuestros clientes hey! aprovecha las compras de temporada y recibe recompensas en efectivo. list@ p,0.001668658526181095
676,2023-12-01,16:26:31,me gustaba porque repoaba a buro de credito,0.10535796077737544
677,2023-12-01,08:55:31,hey. banco que haya salido a la luz la coreo completa. me gusto el final a lo indio. como se llama la obra que interpretan?,0.00011652811704732046
678,2023-12-02,20:22:15,siempre estoy recomendando y llevo 2 meses sin tarjeta regresar a banamex sera la solucion?,0.05773014852675877
679,2023-12-02,11:30:48,terminos y condiciones por favor,0.004240064397657501
680,2023-12-05,15:45:46,jajajaja,0.49789225920557484
681,2023-12-07,10:11:29,breve leccion de economia. aprende a no pagarle a y a cobrar por depositar en y al mismo tiempo que luchas contra el gaza_genocide,2.341909354965219e-05
682,2023-12-07,09:35:45,. llegan nuevos instrumentos financieros y te ofrecen hasta el 13 por ciento de dinero adicional por cada dia que guardes tu dinero mientras que te cobra si no lo mueves por mas de seis meses. por eso esta en,2.189771281470967e-12
683,2023-12-09,16:38:30,"jamas pense que me quedaria con hey banco despues de todas las mamadas que estan haciendo pero literalmente es la mejor opcion que tengo. en fin, chingada madre hsbc, tremendo pedo por una compra de 150 pesos.",7.12083975266484e-05
684,2023-12-09,16:12:02,"correcto, sin mas preambulos.",0.22541294704481035
685,2023-12-14,18:55:33,aparecio una buena promo en al contratar un seguro para tu celular.,0.38250350779761094
686,2023-12-14,11:19:37,"el canje de las hey coins de por tarjetas de regalo de amazon ya son instantaneas, te llegan los codigos casi al ins",0.005831141406914104
687,2023-12-14,10:13:06,"excelente pregunta, que de dijeron bro?",0.09550760995288035
688,2023-12-14,10:10:39,"el canje de las hey coins de por tarjetas de regalo de amazon ya son instantaneas, te llegan los codigos casi al instante. recuerdan lo que me paso hace unos meses?",6.157795668459149e-06
689,2023-12-15,16:13:32,"confirmo el dia de hoy cambie mis hey coins y en el correo de confirmacion ya viene el codigo, todo cool ya hasta realizo mi compra",0.0002494615842883891
690,2023-12-17,16:29:51,amamos las recompensas de,0.4373255837432663
691,2023-12-17,12:08:17,con para que me patrocine mas juegos del maratondevir,0.012839617718328564
692,2023-12-18,10:31:35,"evalue cambiar a heybanco! por nu, debido a la tasa de rendimiento y wow, gratamente sorprendida.",0.020083332301456147
693,2023-12-19,21:07:28,muy amablemente su areaespecializada me dio solucion. ^r,0.4099577226552768
694,2023-12-22,17:50:55,"te la recomiendo, atencion inmediata, tambien para ti un abrazo y felices fiestas, abrazo para toda la familia.",0.3998742092994754
695,2023-12-22,17:37:53,"entiendo, con la de baz me transfiero de la de credito a la de azteca, entra como una compra y no me genera comision. te la recomiendo y muy accesible",0.00015335660986218636
696,2023-12-22,15:58:18,"excelente, gracias por la informacion.",0.838736027921027
697,2023-12-22,11:43:33,"hola pepe, buenos dias. te atiende sofia, es un gusto saludae. nos podrias compair via dm mayor detalle de la situacion que presentas con tu aplicacion bbva mexico, por favor? 1/2",0.0013084357564859136
698,2023-12-27,09:01:38,"manifestando ganarme el soeo de heybanco. hecho esta, lo declaro, soy abundancia.",0.03582437890763361
699,2023-12-28,22:25:18,"hola! he mantenido un buen historial con ustedes, tengo la duda de que hacer para que me aumenten la linea de credito tdc?",0.0007802596788530538
700,2023-12-30,09:31:05,gracias ayer me atendieron rapido por llamada ya quedo resuelto,0.0057108458127311315
701,2024-01-01,14:05:36,"ano nuevo, novedades nuevas que les parece este ajuste de heybanco? anualidad y hey pro forzado me parece una mejor opcion",0.0004237365629234398
702,2024-01-01,09:25:46,"hay que transmitir informacion fidedigna y real, ya lleva algunos anos operando...",0.1976897251935562
703,2024-01-02,17:51:09,"te recomiendo hey banco, no tiene nada de eso y puedes retirar en cualquier hsbc o inbursa sin comision.",0.0006005954973499463
704,2024-01-04,22:01:23,"hoy fui a la fanshop de hey banco y me la pase super chido, ademas hice un amix",0.007614474984683394
705,2024-01-04,12:03:48,"otra opcion que en lo personal podria recomendae, tambien tiene buenas promociones y msi",0.1035444754200789
706,2024-01-04,11:15:48,la mejor,0.8276188485909708
707,2024-01-05,12:39:28,va gracias les mande dm,0.07121868604582704
708,2024-01-07,18:53:21,esta mejor,0.4679851713349299
709,2024-01-07,17:46:48,puro ese mejor nu nu fonite foniteog,0.3011160711306237
710,2024-01-08,11:16:15,"yo: voy a trabajar mi hermana: oye, entonnces como valido mi heybanco papas: oye, que hay un tema con el depa ;_; jajajaja pero bueno, agradezco que haya alguien alla que me ayude a resolverlo.",1.7148846768648249e-06
711,2024-01-09,23:55:06,"tengo un pixel 5, genio.",0.4405315848957903
712,2024-01-09,00:42:33,si ya todo bien senor lampi,0.3760049288505713
713,2024-01-10,13:37:20,"uy, ya los contacte, incluso les mande video al correo electronico que me senalo la persona que me contesto, actualice mi sistema operativo y sigue igual, esto sucede solo con la app del banco hey, tengo apps de otros bancos y funcionan perfecto.",3.305693847255936e-08
714,2024-01-10,12:36:49,promocion para todos nuestros clientes hey! aprovecha las compras de temporada y recibe recompensas en efectivo. list@ p,0.001668658526181095
715,2024-01-11,15:20:48,gracias,0.5533970533999424
716,2024-01-13,13:44:57,ya llame y ya me ayudaron gracias,0.13226412294183615
717,2024-01-14,14:57:03,no tiene limites jajaja gpt-4 gratis,0.1474258361363354
718,2024-01-15,12:22:52,"quedo solucionado el fin de semana, gracias",0.9849821894982098
719,2024-01-16,18:32:25,listo ya quedo muchas gracias.,0.19026701040290822
720,2024-01-17,22:32:37,"heybanco y nu son mucho mejores, para los que andan buscando moverse.",0.325336084148223
721,2024-01-17,21:08:35,"por si ocupan, excelentes alternativas a bancoaztecaenquiebra 1. heybanco - sin comisiones, contratacion en linea, +23k puntos para retirar $ 2. nubank - sin comisiones, contratacion en linea, retiro de efectivo en supermercados.",0.9805260403180743
722,2024-01-17,19:54:36,"excelentes alternativas a 1. heybanco - sin comisiones, contratacion en linea, +23k puntos para retirar $ 2. nubank - sin comisiones, contratacion en linea, retiro de efectivo en supermercados",0.9972390118304425
723,2024-01-17,19:51:13,"excelentes alternativas a : 1. heybanco - sin comisiones, contratacion en linea, +23k puntos para retirar $ 2. nubank - sin comisiones, contratacion en linea, retiro de efectivo en supermercados",0.9972390118304425
724,2024-01-17,19:43:52,"excelentes alternativas a banco azteca: 1. heybanco - sin comisiones, contratacion en linea, +23k puntos para retirar $ 2. nubank - sin comisiones, contratacion en linea, retiro de efectivo en supermercados",0.9972390118304425
725,2024-01-18,12:58:15,celebramos 6 anos en hey banco! gracias por confiar en nosotros en este viaje; tu apoyo ha sido fundamental para nuestro,0.010097758820918568
726,2024-01-19,11:01:15,"buen dia, envie correo justo ahora. gracias.",0.27853399392776457
727,2024-01-19,10:06:58,buenos dias. con la maravillosa sorpresa de que mi cuenta amanecio en ceros,0.02846668759182319
728,2024-01-21,19:07:32,listo!!,0.3577312427036041
729,2024-01-21,18:42:05,"raro, yo he realizado varias transacciones sin problema",0.04180062898735583
730,2024-01-21,09:09:53,la mejor opcion rendimiento del 13%,0.8668336888286016
731,2024-01-21,17:58:03,hola! tambien me gustaria unirme porfa.,0.05791357561131027
732,2024-01-21,11:46:51,"agrega la app nunca me ha fallado, su proceso de contratacion es agil pues al par que abres la cuenta te evalua para la tarjeta de credito; depositos y transferencias inmediatas.",1.1804191208632785e-09
733,2024-01-22,17:18:41,dinero deberian darme los de pero gracias por un ano de servicios.,0.009078683932611206
734,2024-01-22,16:00:41,"muchisimas gracias! se comprometio a resolver el problema con fecha limite al 25 de enero de 2024, de no ser asi enseguida me pondre en contacto con",5.294071550205795e-06
735,2024-01-22,13:55:08,muchas gracias,0.47056419380391146
736,2024-01-22,12:57:27,"les agradezco mucho la atencion, me pondre en contacto con ustedes.",0.018974326747707434
737,2024-01-23,12:10:13,estamos mas que listos ansiosos desconectate por 3 dias en el acustico hey banco de tecatepalnoe,0.018507537759549643
738,2024-01-25,21:11:05,funciona mucho mejor que el de,0.02131072041630321
739,2024-01-26,22:23:25,jajajaja lo ame,0.3726847435457324
740,2024-01-26,17:41:58,jajaja,0.49789225920557484
741,2024-01-29,18:17:18,"hola, buenas tardes. te atiende luz, es un placer saludae. con gusto podemos apoyae, por favor escribenos a nuestra cuenta oficial en twitter ( ) para brindarle seguimiento a tu solicitud y compaie la informacion correspondiente. 1",6.591680402094824e-07
742,2024-01-29,15:44:22,"listo, gracias.",0.41038161275853924
743,2024-01-30,15:12:47,hola valdria la pena que cuando hagan cambios dan un resumen de los cambios realizados en el contrato y no manden las 60 hojas completas. charlytip mejora la experiencia del cliente.,3.227979915102669e-06
744,2024-02-01,14:25:36,me encantan las respuestas de a las fallas repoadas en su app,0.11610985989535763
745,2024-02-01,00:51:32,"de debito puedes pedir nu desde la app, tmb hey banco, yo tengo esa y no me piden minimo ni me cobran por manejo de cuenta, esa la abri xq tuve un pedo con la nomina en banamex y la usaba como para ahorrar pero ahora la uso casi para todo heejej, la tj fisica me costo 109 creo",5.01642600808498e-09
746,2024-02-02,11:11:22,"y aprovecho el tuit para recomendarles a hey banco, yo lqm ni una sola queja en dos anos",0.0053154188457358266
747,2024-02-06,11:34:36,interesante,0.5710211662525364
748,2024-02-07,02:05:30,mejor aumenten lineas de credito!,0.5827244377170208
749,2024-02-08,20:20:59,"hey banco no, es ilimitado jajajaja, suena increible.",0.20889601016684495
750,2024-02-08,19:16:00,"cada mas agradecido de peenecer a !! si ocupan un banco que solucione, este es el mero bueno! thkss",0.08514636605449447
751,2024-02-08,18:30:39,"por eso me encanta su app es simplemente increible! . ademas de ser super intuitiva, cashback en todas tus compras",0.45081570613075933
752,2024-02-08,05:52:22,"aaawww que bonito, hey banco mucho la cola :d",0.057731150463766576
753,2024-02-09,13:05:02,gracias,0.5533970533999424
754,2024-02-10,10:12:37,trae la de hey banco humilde mi chiquito,0.13908119211703465
755,2024-02-11,11:40:38,"para los que se preguntan donde conseguir la tarjeta, la pueden sacar en hey banco con muchos disenos a elegir",0.0004889919453712899
756,2024-02-12,20:17:49,"ya es lo que empezare a hacer, gracias.",0.007478734104828776
757,2024-02-12,16:43:13,"jajaj fija-te como no te dije pero en fin.... so far, so good",5.298226098001084e-05
758,2024-02-12,16:11:52,"mira amixe al fin, abri mi cuenta me llego super rapido, en 2 dias, por dhl y pues nada, me ha encantado!!",0.006112872981292982
759,2024-02-13,17:03:36,celebra el amor con estilo este san valentin! descubre las ultimas colecciones de tus marcas favoritas aqui: somoshey heymedia heybanco sanvalentin regalos,0.7239125126779398
760,2024-02-13,16:16:21,comerciales tan ganadores como los kansas chiefs que nos dejo el superbowl este ano: somoshey heymedia heybanco comerciales sblviii michaelcera jlo mainscorsese,0.015204767851730666
761,2024-02-13,12:07:46,por favor de su apoyo para saber los modulos que tienen en cdmx. gracias.,4.7384918791813145e-05
762,2024-02-19,12:04:17,"ya se arreglo, gracias.",0.1948412931388341
763,2024-02-20,09:38:29,tenencia a 6msi y los amo!,0.37874993579954885
764,2024-02-21,15:10:57,al fin recupere mi cuenta de los amo!,0.023982306383946373
765,2024-02-22,10:15:48,"hey, hey, hey, banco esto es perfecto",0.9594953124071316
766,2024-02-29,21:07:53,gracias por la informacion. me fue muy util.,0.37111552885841015
767,2024-03-01,23:39:44,"ya tengo 11 meses con la tdc garantizada con buen uso, cuando me van a graduar? recuerdo que cuando la contrate decia 6 meses de buen uso :(",0.00025838882027944075
768,2024-03-01,19:35:31,nunca falla,0.15213999863611508
769,2024-03-01,04:46:39,"muchas gracias, ya sali del apuro gracias a y .",0.4147794485270534
770,2024-03-02,14:24:38,gracias. ya revise,0.36837440874654487
771,2024-03-06,20:09:14,jaja gracias!,0.5533970533999424
772,2024-03-06,16:28:42,te recomiendo,0.5134584600772778
773,2024-03-08,02:06:50,sabado perpetuo,0.49789225920557484
774,2024-03-13,21:34:41,gracias por la atencion,0.4998143761067668
775,2024-03-13,20:40:01,"muchas gracias, ya quedo :)",0.29494595879463076
776,2024-03-15,01:51:01,agree contigo a la versh,0.4737554465528978
777,2024-03-16,16:45:25,"hice por mail una sugerencia en la app en cuanto a que den facilidades para modificar/actualizar un dato como lo es el numero de cel. me responden de que me comunique por telefono, y a ver que me digan ahi. que facilidad ayuda viene a ser esa...!? nomas no sacan de apuros.",1.0808081534651843e-08
778,2024-03-18,17:23:05,gracias por la atencion!,0.4998143761067668
779,2024-03-18,17:13:48,"hola, buenos dias. te atiende luz, es un placer saludae. para nosotros son muy impoantes tus comentarios, por lo que nos interesa saber mas sobre tu experiencia. nos puedes brindar mayor detalle de la situacion que presentas, por favor? 1",2.76321615100932e-10
780,2024-03-19,18:48:19,gracias ya hable via telefonica y se resolvio mi inquietud,0.471368714437891
781,2024-03-22,21:40:28,te amo gran experiencia ir a la hey shop lxs tqm,0.8723178810329418
782,2024-03-23,21:38:20,"me recomendaron charliehack50 en telegram. el puede ayudae a solucionar este problema. recupere el mio con su ayuda, asi que lo recomiendo como la mejor y mas rapida opcion.",0.02642424399517071
783,2024-03-26,06:00:06,buen dia! hay alguna promocion a msi para el pago de tenencia del ? saludos,0.07122820358888884
784,2024-03-27,20:47:08,"yo si recomiendo! aunque siento que es dificil que te la aprueben si nunca has tenido una, o si no tienes historial con banamex (al menos he escuchado casos asi), mi primera tdc fue de heybanco y recomiendo, en ese tiempo daban 1 o 2% de recompensas en compras con la tarjeta+",3.1344697578694105e-11
785,2024-03-27,02:21:57,"gracias a por invitarnos a conocer mas sobre la coleccion retro asi como los detalles y obsequios ! mi tarjeta es la de anime , acorde para comprar los boletos de cine para la nueva pelicula de rascaldoesnotdream",1.2924442695843693e-05
786,2024-03-28,20:07:52,hola. estaremos encantados de asistie de la mejor manera. te invitamos a que nos escribas un dm y con gusto te ayudaremos con toda la informacion que requieres. estaremos pendientes de ti.,0.003041856591286993
787,2024-03-28,18:00:54,gracias didi por la confianza y incrementar mi linea de credito a 20k ni y mean ofreciendo tanto credito gracias solo faltaria los msi,0.004582941948628219
788,2024-03-28,17:31:57,"hola! gracias, acabo de enviar correo.",0.0211377024931428
789,2024-03-30,19:47:37,"hola, les mande dm :)",0.01126910578721375
790,2024-03-30,18:47:15,ayer me gane un sombrerito en y real me quedaba con mi outfit jajajaja y fui feliz todo el festival. me lo chulearon mucho,0.0021598790390329795
791,2024-03-31,23:19:35,a diferencia de ustedes han demostrado una verdadera comprension de las necesidades de sus clientes. gracias por hacer posible que mis proyectos se hagan realidad!,0.0003492238030977614
792,2024-03-31,02:47:12,te amo un chingo,0.3313700650923569
793,2024-04-04,08:41:17,akamba regresa gracias a aprovecha la venta pre cael presentada por hey banco. disfruta de esta etapa unica,0.08558138291987166
794,2024-04-04,01:05:10,lo mio se resolvio facil. solo entra a la banca en linea desde una computadora y te dira que estas bloqueado pero pones el token de tu cel y listo. suee,0.000296358574546909
795,2024-04-05,02:55:10,para mi eso es mas que suficiente.,0.014208257034679435
796,2024-04-07,23:22:19,"me recomendaron charliehack50 en telegram. el puede ayudae a solucionar este problema. recupere el mio con su ayuda, asi que lo recomiendo como la mejor y mas rapida opcion.",0.02642424399517071
797,2024-04-10,21:57:10,tambien necesito ayuda,0.5383782602205665
798,2024-04-10,16:53:34,listo!,0.3577312427036041
799,2024-04-10,16:05:30,gracias ya lo solucione,0.2589405610034819
800,2024-04-12,17:19:20,"buenos dias, llevo desde el otro fin de semana tratando de pagar mis tarjetas pero no puede transferir a hey banco desde mi cuenta principal. me regresan todas las transferecias ayuda",0.0005515652528397166
801,2024-04-15,23:44:20,y asi es como le gano la carrera de las fintech a con una aplicacion que siempre funciona y es amigable con el cliente.,0.0027703513523657246
802,2024-04-16,17:41:40,gracias,0.5533970533999424
803,2024-04-17,04:45:42,gracias,0.5533970533999424
804,2024-04-18,17:28:23,gracias,0.5533970533999424
805,2024-04-18,15:59:11,los amo! gracias ya pude entrar a mi app saludos,0.03413288946763759
806,2024-04-18,04:34:45,sigue sin dejarme aumentar mi linea de la tarjeta de credito garantizada,0.0011969701628887462
807,2024-04-21,15:21:43,"ahora confirmo, gracias estimado",0.008520862712682901
808,2024-04-23,22:52:05,de acuerdo!! muchas gracias.,0.14126346366005274
809,2024-04-23,21:30:12,"tio cuando me van a graduar, tengo la tdc garantizada ya hace mas de un ano que la saque, y recuerdo que decian que con 6 meses de buen uso, ayuda :c",1.5229397895892136e-05
810,2024-04-25,00:51:24,"una duda, con quien tengo que ver si tengo problemas para aumentar mi linea de credito de mi tarjeta hey garantizada, la app no me deja marca un error. me pasa igual en mis 2 telefonos que tengo.",2.5915524514946707e-10
811,2024-04-26,13:30:56,"wey, lo mejor de es que puedo pagar con apple pay",0.13462889268505476
